co_mun,no_mun,ano,fonte,variavel,ensino_rede,ensino_tipo,valor
2700300,Arapiraca,2010,censo_demografico,Pessoas Alfabetizadas,Não se aplica,Pessoas de 15 anos ou mais de idade,120328.0
2700300,Arapiraca,2010,censo_demografico,Pessoas Total,Não se aplica,Pessoas de 15 anos ou mais de idade,155168.0
2700300,Arapiraca,2010,censo_demografico,Taxa de Alfabetização,Não se aplica,Pessoas de 15 anos ou mais de idade,77.54691689008042
2700300,Arapiraca,2010,censo_demografico,Taxa de Analfabetismo,Não se aplica,Pessoas de 15 anos ou mais de idade,22.45308310991957
2700300,Arapiraca,2010,censo_escolar,Escolas,Estadual,Educação Infantil,1.0
2700300,Arapiraca,2010,censo_escolar,Escolas,Estadual,Educação Profissional,1.0
2700300,Arapiraca,2010,censo_escolar,Escolas,Estadual,Educação de Jovens e Adultos (EJA),7.0
2700300,Arapiraca,2010,censo_escolar,Escolas,Estadual,Ensino Fundamental,16.0
2700300,Arapiraca,2010,censo_escolar,Escolas,Estadual,Ensino Médio,9.0
2700300,Arapiraca,2010,censo_escolar,Escolas,Municipal,Educação Infantil,56.0
2700300,Arapiraca,2010,censo_escolar,Escolas,Municipal,Educação Profissional,0.0
2700300,Arapiraca,2010,censo_escolar,Escolas,Municipal,Educação de Jovens e Adultos (EJA),26.0
2700300,Arapiraca,2010,censo_escolar,Escolas,Municipal,Ensino Fundamental,58.0
2700300,Arapiraca,2010,censo_escolar,Escolas,Municipal,Ensino Médio,0.0
2700300,Arapiraca,2010,censo_escolar,Escolas,Privada,Educação Infantil,31.0
2700300,Arapiraca,2010,censo_escolar,Escolas,Privada,Educação Profissional,1.0
2700300,Arapiraca,2010,censo_escolar,Escolas,Privada,Educação de Jovens e Adultos (EJA),1.0
2700300,Arapiraca,2010,censo_escolar,Escolas,Privada,Ensino Fundamental,32.0
2700300,Arapiraca,2010,censo_escolar,Escolas,Privada,Ensino Médio,13.0
2700300,Arapiraca,2010,censo_escolar,Escolas,Pública,Educação Infantil,57.0
2700300,Arapiraca,2010,censo_escolar,Escolas,Pública,Educação Profissional,1.0
2700300,Arapiraca,2010,censo_escolar,Escolas,Pública,Educação de Jovens e Adultos (EJA),33.0
2700300,Arapiraca,2010,censo_escolar,Escolas,Pública,Ensino Fundamental,74.0
2700300,Arapiraca,2010,censo_escolar,Escolas,Pública,Ensino Médio,9.0
2700300,Arapiraca,2010,censo_escolar,Escolas,Total,Educação Infantil,88.0
2700300,Arapiraca,2010,censo_escolar,Escolas,Total,Educação Profissional,2.0
2700300,Arapiraca,2010,censo_escolar,Escolas,Total,Educação de Jovens e Adultos (EJA),34.0
2700300,Arapiraca,2010,censo_escolar,Escolas,Total,Ensino Fundamental,106.0
2700300,Arapiraca,2010,censo_escolar,Escolas,Total,Ensino Médio,22.0
2700300,Arapiraca,2010,censo_escolar,Matrícula,Estadual,Educação Infantil,21.0
2700300,Arapiraca,2010,censo_escolar,Matrícula,Estadual,Educação Profissional,394.0
2700300,Arapiraca,2010,censo_escolar,Matrícula,Estadual,Educação de Jovens e Adultos (EJA),1412.0
2700300,Arapiraca,2010,censo_escolar,Matrícula,Estadual,Ensino Fundamental,6101.0
2700300,Arapiraca,2010,censo_escolar,Matrícula,Estadual,Ensino Médio,8958.0
2700300,Arapiraca,2010,censo_escolar,Matrícula,Municipal,Educação Infantil,4017.0
2700300,Arapiraca,2010,censo_escolar,Matrícula,Municipal,Educação Profissional,0.0
2700300,Arapiraca,2010,censo_escolar,Matrícula,Municipal,Educação de Jovens e Adultos (EJA),3736.0
2700300,Arapiraca,2010,censo_escolar,Matrícula,Municipal,Ensino Fundamental,24461.0
2700300,Arapiraca,2010,censo_escolar,Matrícula,Municipal,Ensino Médio,0.0
2700300,Arapiraca,2010,censo_escolar,Matrícula,Privada,Educação Infantil,1856.0
2700300,Arapiraca,2010,censo_escolar,Matrícula,Privada,Educação Profissional,16.0
2700300,Arapiraca,2010,censo_escolar,Matrícula,Privada,Educação de Jovens e Adultos (EJA),35.0
2700300,Arapiraca,2010,censo_escolar,Matrícula,Privada,Ensino Fundamental,7489.0
2700300,Arapiraca,2010,censo_escolar,Matrícula,Privada,Ensino Médio,2114.0
2700300,Arapiraca,2010,censo_escolar,Matrícula,Pública,Educação Infantil,4038.0
2700300,Arapiraca,2010,censo_escolar,Matrícula,Pública,Educação Profissional,394.0
2700300,Arapiraca,2010,censo_escolar,Matrícula,Pública,Educação de Jovens e Adultos (EJA),5148.0
2700300,Arapiraca,2010,censo_escolar,Matrícula,Pública,Ensino Fundamental,30562.0
2700300,Arapiraca,2010,censo_escolar,Matrícula,Pública,Ensino Médio,8958.0
2700300,Arapiraca,2010,censo_escolar,Matrícula,Total,Educação Infantil,5894.0
2700300,Arapiraca,2010,censo_escolar,Matrícula,Total,Educação Profissional,410.0
2700300,Arapiraca,2010,censo_escolar,Matrícula,Total,Educação de Jovens e Adultos (EJA),5183.0
2700300,Arapiraca,2010,censo_escolar,Matrícula,Total,Ensino Fundamental,38051.0
2700300,Arapiraca,2010,censo_escolar,Matrícula,Total,Ensino Médio,11072.0
2700300,Arapiraca,2010,indicadores_rendimento,Taxa de Abandono,Estadual,Ensino Fundamental,10.6
2700300,Arapiraca,2010,indicadores_rendimento,Taxa de Abandono,Estadual,Ensino Médio,37.9
2700300,Arapiraca,2010,indicadores_rendimento,Taxa de Abandono,Municipal,Ensino Fundamental,4.1
2700300,Arapiraca,2010,indicadores_rendimento,Taxa de Abandono,Municipal,Ensino Médio,0.0
2700300,Arapiraca,2010,indicadores_rendimento,Taxa de Abandono,Privada,Ensino Fundamental,1.0
2700300,Arapiraca,2010,indicadores_rendimento,Taxa de Abandono,Privada,Ensino Médio,3.0
2700300,Arapiraca,2010,indicadores_rendimento,Taxa de Abandono,Pública,Ensino Fundamental,4.4
2700300,Arapiraca,2010,indicadores_rendimento,Taxa de Abandono,Pública,Ensino Médio,37.9
2700300,Arapiraca,2010,indicadores_rendimento,Taxa de Abandono,Total,Ensino Fundamental,3.8
2700300,Arapiraca,2010,indicadores_rendimento,Taxa de Abandono,Total,Ensino Médio,27.9
2700300,Arapiraca,2010,indicadores_rendimento,Taxa de Aprovação,Estadual,Ensino Fundamental,87.5
2700300,Arapiraca,2010,indicadores_rendimento,Taxa de Aprovação,Estadual,Ensino Médio,49.8
2700300,Arapiraca,2010,indicadores_rendimento,Taxa de Aprovação,Municipal,Ensino Fundamental,95.0
2700300,Arapiraca,2010,indicadores_rendimento,Taxa de Aprovação,Municipal,Ensino Médio,0.0
2700300,Arapiraca,2010,indicadores_rendimento,Taxa de Aprovação,Privada,Ensino Fundamental,99.0
2700300,Arapiraca,2010,indicadores_rendimento,Taxa de Aprovação,Privada,Ensino Médio,90.0
2700300,Arapiraca,2010,indicadores_rendimento,Taxa de Aprovação,Pública,Ensino Fundamental,94.6
2700300,Arapiraca,2010,indicadores_rendimento,Taxa de Aprovação,Pública,Ensino Médio,49.8
2700300,Arapiraca,2010,indicadores_rendimento,Taxa de Aprovação,Total,Ensino Fundamental,95.4
2700300,Arapiraca,2010,indicadores_rendimento,Taxa de Aprovação,Total,Ensino Médio,61.4
2700300,Arapiraca,2010,indicadores_rendimento,Taxa de Reprovação,Estadual,Ensino Fundamental,1.9
2700300,Arapiraca,2010,indicadores_rendimento,Taxa de Reprovação,Estadual,Ensino Médio,12.3
2700300,Arapiraca,2010,indicadores_rendimento,Taxa de Reprovação,Municipal,Ensino Fundamental,0.9
2700300,Arapiraca,2010,indicadores_rendimento,Taxa de Reprovação,Municipal,Ensino Médio,0.0
2700300,Arapiraca,2010,indicadores_rendimento,Taxa de Reprovação,Privada,Ensino Fundamental,0.0
2700300,Arapiraca,2010,indicadores_rendimento,Taxa de Reprovação,Privada,Ensino Médio,7.0
2700300,Arapiraca,2010,indicadores_rendimento,Taxa de Reprovação,Pública,Ensino Fundamental,1.0
2700300,Arapiraca,2010,indicadores_rendimento,Taxa de Reprovação,Pública,Ensino Médio,12.3
2700300,Arapiraca,2010,indicadores_rendimento,Taxa de Reprovação,Total,Ensino Fundamental,0.8
2700300,Arapiraca,2010,indicadores_rendimento,Taxa de Reprovação,Total,Ensino Médio,10.7
2700300,Arapiraca,2019,censo_escolar,Escolas,Estadual,Educação Infantil,0.0
2700300,Arapiraca,2019,censo_escolar,Escolas,Estadual,Educação Profissional,2.0
2700300,Arapiraca,2019,censo_escolar,Escolas,Estadual,Educação de Jovens e Adultos (EJA),7.0
2700300,Arapiraca,2019,censo_escolar,Escolas,Estadual,Ensino Fundamental,10.0
2700300,Arapiraca,2019,censo_escolar,Escolas,Estadual,Ensino Médio,13.0
2700300,Arapiraca,2019,censo_escolar,Escolas,Federal,Educação Infantil,0.0
2700300,Arapiraca,2019,censo_escolar,Escolas,Federal,Educação Profissional,1.0
2700300,Arapiraca,2019,censo_escolar,Escolas,Federal,Educação de Jovens e Adultos (EJA),0.0
2700300,Arapiraca,2019,censo_escolar,Escolas,Federal,Ensino Fundamental,0.0
2700300,Arapiraca,2019,censo_escolar,Escolas,Federal,Ensino Médio,1.0
2700300,Arapiraca,2019,censo_escolar,Escolas,Municipal,Educação Infantil,67.0
2700300,Arapiraca,2019,censo_escolar,Escolas,Municipal,Educação Profissional,0.0
2700300,Arapiraca,2019,censo_escolar,Escolas,Municipal,Educação de Jovens e Adultos (EJA),8.0
2700300,Arapiraca,2019,censo_escolar,Escolas,Municipal,Ensino Fundamental,59.0
2700300,Arapiraca,2019,censo_escolar,Escolas,Municipal,Ensino Médio,0.0
2700300,Arapiraca,2019,censo_escolar,Escolas,Privada,Educação Infantil,47.0
2700300,Arapiraca,2019,censo_escolar,Escolas,Privada,Educação Profissional,3.0
2700300,Arapiraca,2019,censo_escolar,Escolas,Privada,Educação de Jovens e Adultos (EJA),0.0
2700300,Arapiraca,2019,censo_escolar,Escolas,Privada,Ensino Fundamental,46.0
2700300,Arapiraca,2019,censo_escolar,Escolas,Privada,Ensino Médio,20.0
2700300,Arapiraca,2019,censo_escolar,Escolas,Pública,Educação Infantil,67.0
2700300,Arapiraca,2019,censo_escolar,Escolas,Pública,Educação Profissional,3.0
2700300,Arapiraca,2019,censo_escolar,Escolas,Pública,Educação de Jovens e Adultos (EJA),15.0
2700300,Arapiraca,2019,censo_escolar,Escolas,Pública,Ensino Fundamental,69.0
2700300,Arapiraca,2019,censo_escolar,Escolas,Pública,Ensino Médio,14.0
2700300,Arapiraca,2019,censo_escolar,Escolas,Total,Educação Infantil,114.0
2700300,Arapiraca,2019,censo_escolar,Escolas,Total,Educação Profissional,6.0
2700300,Arapiraca,2019,censo_escolar,Escolas,Total,Educação de Jovens e Adultos (EJA),15.0
2700300,Arapiraca,2019,censo_escolar,Escolas,Total,Ensino Fundamental,115.0
2700300,Arapiraca,2019,censo_escolar,Escolas,Total,Ensino Médio,34.0
2700300,Arapiraca,2019,censo_escolar,Matrícula,Estadual,Educação Infantil,0.0
2700300,Arapiraca,2019,censo_escolar,Matrícula,Estadual,Educação Profissional,694.0
2700300,Arapiraca,2019,censo_escolar,Matrícula,Estadual,Educação de Jovens e Adultos (EJA),1912.0
2700300,Arapiraca,2019,censo_escolar,Matrícula,Estadual,Ensino Fundamental,3509.0
2700300,Arapiraca,2019,censo_escolar,Matrícula,Estadual,Ensino Médio,6513.0
2700300,Arapiraca,2019,censo_escolar,Matrícula,Federal,Educação Infantil,0.0
2700300,Arapiraca,2019,censo_escolar,Matrícula,Federal,Educação Profissional,668.0
2700300,Arapiraca,2019,censo_escolar,Matrícula,Federal,Educação de Jovens e Adultos (EJA),0.0
2700300,Arapiraca,2019,censo_escolar,Matrícula,Federal,Ensino Fundamental,0.0
2700300,Arapiraca,2019,censo_escolar,Matrícula,Federal,Ensino Médio,526.0
2700300,Arapiraca,2019,censo_escolar,Matrícula,Municipal,Educação Infantil,6266.0
2700300,Arapiraca,2019,censo_escolar,Matrícula,Municipal,Educação Profissional,0.0
2700300,Arapiraca,2019,censo_escolar,Matrícula,Municipal,Educação de Jovens e Adultos (EJA),1605.0
2700300,Arapiraca,2019,censo_escolar,Matrícula,Municipal,Ensino Fundamental,22447.0
2700300,Arapiraca,2019,censo_escolar,Matrícula,Municipal,Ensino Médio,0.0
2700300,Arapiraca,2019,censo_escolar,Matrícula,Privada,Educação Infantil,2992.0
2700300,Arapiraca,2019,censo_escolar,Matrícula,Privada,Educação Profissional,903.0
2700300,Arapiraca,2019,censo_escolar,Matrícula,Privada,Educação de Jovens e Adultos (EJA),0.0
2700300,Arapiraca,2019,censo_escolar,Matrícula,Privada,Ensino Fundamental,9332.0
2700300,Arapiraca,2019,censo_escolar,Matrícula,Privada,Ensino Médio,1751.0
2700300,Arapiraca,2019,censo_escolar,Matrícula,Pública,Educação Infantil,6266.0
2700300,Arapiraca,2019,censo_escolar,Matrícula,Pública,Educação Profissional,1362.0
2700300,Arapiraca,2019,censo_escolar,Matrícula,Pública,Educação de Jovens e Adultos (EJA),3517.0
2700300,Arapiraca,2019,censo_escolar,Matrícula,Pública,Ensino Fundamental,25956.0
2700300,Arapiraca,2019,censo_escolar,Matrícula,Pública,Ensino Médio,7039.0
2700300,Arapiraca,2019,censo_escolar,Matrícula,Total,Educação Infantil,9258.0
2700300,Arapiraca,2019,censo_escolar,Matrícula,Total,Educação Profissional,2265.0
2700300,Arapiraca,2019,censo_escolar,Matrícula,Total,Educação de Jovens e Adultos (EJA),3517.0
2700300,Arapiraca,2019,censo_escolar,Matrícula,Total,Ensino Fundamental,35288.0
2700300,Arapiraca,2019,censo_escolar,Matrícula,Total,Ensino Médio,8790.0
2700300,Arapiraca,2019,indicadores_rendimento,Taxa de Abandono,Estadual,Ensino Fundamental,2.9
2700300,Arapiraca,2019,indicadores_rendimento,Taxa de Abandono,Estadual,Ensino Médio,13.0
2700300,Arapiraca,2019,indicadores_rendimento,Taxa de Abandono,Federal,Ensino Fundamental,0.0
2700300,Arapiraca,2019,indicadores_rendimento,Taxa de Abandono,Federal,Ensino Médio,1.7
2700300,Arapiraca,2019,indicadores_rendimento,Taxa de Abandono,Municipal,Ensino Fundamental,2.0
2700300,Arapiraca,2019,indicadores_rendimento,Taxa de Abandono,Municipal,Ensino Médio,0.0
2700300,Arapiraca,2019,indicadores_rendimento,Taxa de Abandono,Privada,Ensino Fundamental,0.2
2700300,Arapiraca,2019,indicadores_rendimento,Taxa de Abandono,Privada,Ensino Médio,0.6
2700300,Arapiraca,2019,indicadores_rendimento,Taxa de Abandono,Pública,Ensino Fundamental,2.1
2700300,Arapiraca,2019,indicadores_rendimento,Taxa de Abandono,Pública,Ensino Médio,12.2
2700300,Arapiraca,2019,indicadores_rendimento,Taxa de Abandono,Total,Ensino Fundamental,1.6
2700300,Arapiraca,2019,indicadores_rendimento,Taxa de Abandono,Total,Ensino Médio,9.8
2700300,Arapiraca,2019,indicadores_rendimento,Taxa de Aprovação,Estadual,Ensino Fundamental,92.0
2700300,Arapiraca,2019,indicadores_rendimento,Taxa de Aprovação,Estadual,Ensino Médio,79.3
2700300,Arapiraca,2019,indicadores_rendimento,Taxa de Aprovação,Federal,Ensino Fundamental,0.0
2700300,Arapiraca,2019,indicadores_rendimento,Taxa de Aprovação,Federal,Ensino Médio,94.3
2700300,Arapiraca,2019,indicadores_rendimento,Taxa de Aprovação,Municipal,Ensino Fundamental,90.8
2700300,Arapiraca,2019,indicadores_rendimento,Taxa de Aprovação,Municipal,Ensino Médio,0.0
2700300,Arapiraca,2019,indicadores_rendimento,Taxa de Aprovação,Privada,Ensino Fundamental,97.9
2700300,Arapiraca,2019,indicadores_rendimento,Taxa de Aprovação,Privada,Ensino Médio,95.3
2700300,Arapiraca,2019,indicadores_rendimento,Taxa de Aprovação,Pública,Ensino Fundamental,91.0
2700300,Arapiraca,2019,indicadores_rendimento,Taxa de Aprovação,Pública,Ensino Médio,80.4
2700300,Arapiraca,2019,indicadores_rendimento,Taxa de Aprovação,Total,Ensino Fundamental,92.8
2700300,Arapiraca,2019,indicadores_rendimento,Taxa de Aprovação,Total,Ensino Médio,83.4
2700300,Arapiraca,2019,indicadores_rendimento,Taxa de Reprovação,Estadual,Ensino Fundamental,5.1
2700300,Arapiraca,2019,indicadores_rendimento,Taxa de Reprovação,Estadual,Ensino Médio,7.7
2700300,Arapiraca,2019,indicadores_rendimento,Taxa de Reprovação,Federal,Ensino Fundamental,0.0
2700300,Arapiraca,2019,indicadores_rendimento,Taxa de Reprovação,Federal,Ensino Médio,4.0
2700300,Arapiraca,2019,indicadores_rendimento,Taxa de Reprovação,Municipal,Ensino Fundamental,7.2
2700300,Arapiraca,2019,indicadores_rendimento,Taxa de Reprovação,Municipal,Ensino Médio,0.0
2700300,Arapiraca,2019,indicadores_rendimento,Taxa de Reprovação,Privada,Ensino Fundamental,1.9
2700300,Arapiraca,2019,indicadores_rendimento,Taxa de Reprovação,Privada,Ensino Médio,4.1
2700300,Arapiraca,2019,indicadores_rendimento,Taxa de Reprovação,Pública,Ensino Fundamental,6.9
2700300,Arapiraca,2019,indicadores_rendimento,Taxa de Reprovação,Pública,Ensino Médio,7.4
2700300,Arapiraca,2019,indicadores_rendimento,Taxa de Reprovação,Total,Ensino Fundamental,5.6
2700300,Arapiraca,2019,indicadores_rendimento,Taxa de Reprovação,Total,Ensino Médio,6.8
2700300,Arapiraca,2021,censo_escolar,Escolas,Estadual,Educação Infantil,0.0
2700300,Arapiraca,2021,censo_escolar,Escolas,Estadual,Educação Profissional,2.0
2700300,Arapiraca,2021,censo_escolar,Escolas,Estadual,Educação de Jovens e Adultos (EJA),6.0
2700300,Arapiraca,2021,censo_escolar,Escolas,Estadual,Ensino Fundamental,11.0
2700300,Arapiraca,2021,censo_escolar,Escolas,Estadual,Ensino Médio,12.0
2700300,Arapiraca,2021,censo_escolar,Escolas,Federal,Educação Infantil,0.0
2700300,Arapiraca,2021,censo_escolar,Escolas,Federal,Educação Profissional,1.0
2700300,Arapiraca,2021,censo_escolar,Escolas,Federal,Educação de Jovens e Adultos (EJA),0.0
2700300,Arapiraca,2021,censo_escolar,Escolas,Federal,Ensino Fundamental,0.0
2700300,Arapiraca,2021,censo_escolar,Escolas,Federal,Ensino Médio,1.0
2700300,Arapiraca,2021,censo_escolar,Escolas,Municipal,Educação Infantil,63.0
2700300,Arapiraca,2021,censo_escolar,Escolas,Municipal,Educação Profissional,0.0
2700300,Arapiraca,2021,censo_escolar,Escolas,Municipal,Educação de Jovens e Adultos (EJA),7.0
2700300,Arapiraca,2021,censo_escolar,Escolas,Municipal,Ensino Fundamental,60.0
2700300,Arapiraca,2021,censo_escolar,Escolas,Municipal,Ensino Médio,0.0
2700300,Arapiraca,2021,censo_escolar,Escolas,Privada,Educação Infantil,43.0
2700300,Arapiraca,2021,censo_escolar,Escolas,Privada,Educação Profissional,4.0
2700300,Arapiraca,2021,censo_escolar,Escolas,Privada,Educação de Jovens e Adultos (EJA),0.0
2700300,Arapiraca,2021,censo_escolar,Escolas,Privada,Ensino Fundamental,41.0
2700300,Arapiraca,2021,censo_escolar,Escolas,Privada,Ensino Médio,21.0
2700300,Arapiraca,2021,censo_escolar,Escolas,Pública,Educação Infantil,63.0
2700300,Arapiraca,2021,censo_escolar,Escolas,Pública,Educação Profissional,3.0
2700300,Arapiraca,2021,censo_escolar,Escolas,Pública,Educação de Jovens e Adultos (EJA),13.0
2700300,Arapiraca,2021,censo_escolar,Escolas,Pública,Ensino Fundamental,71.0
2700300,Arapiraca,2021,censo_escolar,Escolas,Pública,Ensino Médio,13.0
2700300,Arapiraca,2021,censo_escolar,Escolas,Total,Educação Infantil,106.0
2700300,Arapiraca,2021,censo_escolar,Escolas,Total,Educação Profissional,7.0
2700300,Arapiraca,2021,censo_escolar,Escolas,Total,Educação de Jovens e Adultos (EJA),13.0
2700300,Arapiraca,2021,censo_escolar,Escolas,Total,Ensino Fundamental,112.0
2700300,Arapiraca,2021,censo_escolar,Escolas,Total,Ensino Médio,34.0
2700300,Arapiraca,2021,censo_escolar,Matrícula,Estadual,Educação Infantil,0.0
2700300,Arapiraca,2021,censo_escolar,Matrícula,Estadual,Educação Profissional,1078.0
2700300,Arapiraca,2021,censo_escolar,Matrícula,Estadual,Educação de Jovens e Adultos (EJA),1042.0
2700300,Arapiraca,2021,censo_escolar,Matrícula,Estadual,Ensino Fundamental,3639.0
2700300,Arapiraca,2021,censo_escolar,Matrícula,Estadual,Ensino Médio,7420.0
2700300,Arapiraca,2021,censo_escolar,Matrícula,Federal,Educação Infantil,0.0
2700300,Arapiraca,2021,censo_escolar,Matrícula,Federal,Educação Profissional,710.0
2700300,Arapiraca,2021,censo_escolar,Matrícula,Federal,Educação de Jovens e Adultos (EJA),0.0
2700300,Arapiraca,2021,censo_escolar,Matrícula,Federal,Ensino Fundamental,0.0
2700300,Arapiraca,2021,censo_escolar,Matrícula,Federal,Ensino Médio,490.0
2700300,Arapiraca,2021,censo_escolar,Matrícula,Municipal,Educação Infantil,6011.0
2700300,Arapiraca,2021,censo_escolar,Matrícula,Municipal,Educação Profissional,0.0
2700300,Arapiraca,2021,censo_escolar,Matrícula,Municipal,Educação de Jovens e Adultos (EJA),933.0
2700300,Arapiraca,2021,censo_escolar,Matrícula,Municipal,Ensino Fundamental,22673.0
2700300,Arapiraca,2021,censo_escolar,Matrícula,Municipal,Ensino Médio,0.0
2700300,Arapiraca,2021,censo_escolar,Matrícula,Privada,Educação Infantil,1847.0
2700300,Arapiraca,2021,censo_escolar,Matrícula,Privada,Educação Profissional,1312.0
2700300,Arapiraca,2021,censo_escolar,Matrícula,Privada,Educação de Jovens e Adultos (EJA),0.0
2700300,Arapiraca,2021,censo_escolar,Matrícula,Privada,Ensino Fundamental,8186.0
2700300,Arapiraca,2021,censo_escolar,Matrícula,Privada,Ensino Médio,1816.0
2700300,Arapiraca,2021,censo_escolar,Matrícula,Pública,Educação Infantil,6011.0
2700300,Arapiraca,2021,censo_escolar,Matrícula,Pública,Educação Profissional,1788.0
2700300,Arapiraca,2021,censo_escolar,Matrícula,Pública,Educação de Jovens e Adultos (EJA),1975.0
2700300,Arapiraca,2021,censo_escolar,Matrícula,Pública,Ensino Fundamental,26312.0
2700300,Arapiraca,2021,censo_escolar,Matrícula,Pública,Ensino Médio,7910.0
2700300,Arapiraca,2021,censo_escolar,Matrícula,Total,Educação Infantil,7858.0
2700300,Arapiraca,2021,censo_escolar,Matrícula,Total,Educação Profissional,3100.0
2700300,Arapiraca,2021,censo_escolar,Matrícula,Total,Educação de Jovens e Adultos (EJA),1975.0
2700300,Arapiraca,2021,censo_escolar,Matrícula,Total,Ensino Fundamental,34498.0
2700300,Arapiraca,2021,censo_escolar,Matrícula,Total,Ensino Médio,9726.0
2700300,Arapiraca,2021,indicadores_rendimento,Taxa de Abandono,Estadual,Ensino Fundamental,2.8
2700300,Arapiraca,2021,indicadores_rendimento,Taxa de Abandono,Estadual,Ensino Médio,9.7
2700300,Arapiraca,2021,indicadores_rendimento,Taxa de Abandono,Federal,Ensino Fundamental,0.0
2700300,Arapiraca,2021,indicadores_rendimento,Taxa de Abandono,Federal,Ensino Médio,7.5
2700300,Arapiraca,2021,indicadores_rendimento,Taxa de Abandono,Municipal,Ensino Fundamental,0.1
2700300,Arapiraca,2021,indicadores_rendimento,Taxa de Abandono,Municipal,Ensino Médio,0.0
2700300,Arapiraca,2021,indicadores_rendimento,Taxa de Abandono,Privada,Ensino Fundamental,0.4
2700300,Arapiraca,2021,indicadores_rendimento,Taxa de Abandono,Privada,Ensino Médio,0.7
2700300,Arapiraca,2021,indicadores_rendimento,Taxa de Abandono,Pública,Ensino Fundamental,0.5
2700300,Arapiraca,2021,indicadores_rendimento,Taxa de Abandono,Pública,Ensino Médio,9.6
2700300,Arapiraca,2021,indicadores_rendimento,Taxa de Abandono,Total,Ensino Fundamental,0.4
2700300,Arapiraca,2021,indicadores_rendimento,Taxa de Abandono,Total,Ensino Médio,7.9
2700300,Arapiraca,2021,indicadores_rendimento,Taxa de Aprovação,Estadual,Ensino Fundamental,94.2
2700300,Arapiraca,2021,indicadores_rendimento,Taxa de Aprovação,Estadual,Ensino Médio,83.1
2700300,Arapiraca,2021,indicadores_rendimento,Taxa de Aprovação,Federal,Ensino Fundamental,0.0
2700300,Arapiraca,2021,indicadores_rendimento,Taxa de Aprovação,Federal,Ensino Médio,89.2
2700300,Arapiraca,2021,indicadores_rendimento,Taxa de Aprovação,Municipal,Ensino Fundamental,99.9
2700300,Arapiraca,2021,indicadores_rendimento,Taxa de Aprovação,Municipal,Ensino Médio,0.0
2700300,Arapiraca,2021,indicadores_rendimento,Taxa de Aprovação,Privada,Ensino Fundamental,98.6
2700300,Arapiraca,2021,indicadores_rendimento,Taxa de Aprovação,Privada,Ensino Médio,96.5
2700300,Arapiraca,2021,indicadores_rendimento,Taxa de Aprovação,Pública,Ensino Fundamental,99.1
2700300,Arapiraca,2021,indicadores_rendimento,Taxa de Aprovação,Pública,Ensino Médio,83.4
2700300,Arapiraca,2021,indicadores_rendimento,Taxa de Aprovação,Total,Ensino Fundamental,99.0
2700300,Arapiraca,2021,indicadores_rendimento,Taxa de Aprovação,Total,Ensino Médio,85.9
2700300,Arapiraca,2021,indicadores_rendimento,Taxa de Reprovação,Estadual,Ensino Fundamental,3.0
2700300,Arapiraca,2021,indicadores_rendimento,Taxa de Reprovação,Estadual,Ensino Médio,7.2
2700300,Arapiraca,2021,indicadores_rendimento,Taxa de Reprovação,Federal,Ensino Fundamental,0.0
2700300,Arapiraca,2021,indicadores_rendimento,Taxa de Reprovação,Federal,Ensino Médio,3.3
2700300,Arapiraca,2021,indicadores_rendimento,Taxa de Reprovação,Municipal,Ensino Fundamental,0.0
2700300,Arapiraca,2021,indicadores_rendimento,Taxa de Reprovação,Municipal,Ensino Médio,0.0
2700300,Arapiraca,2021,indicadores_rendimento,Taxa de Reprovação,Privada,Ensino Fundamental,1.0
2700300,Arapiraca,2021,indicadores_rendimento,Taxa de Reprovação,Privada,Ensino Médio,2.8
2700300,Arapiraca,2021,indicadores_rendimento,Taxa de Reprovação,Pública,Ensino Fundamental,0.4
2700300,Arapiraca,2021,indicadores_rendimento,Taxa de Reprovação,Pública,Ensino Médio,7.0
2700300,Arapiraca,2021,indicadores_rendimento,Taxa de Reprovação,Total,Ensino Fundamental,0.6
2700300,Arapiraca,2021,indicadores_rendimento,Taxa de Reprovação,Total,Ensino Médio,6.2
2700300,Arapiraca,2022,censo_demografico,Pessoas Alfabetizadas,Não se aplica,Pessoas de 15 anos ou mais de idade,154495.0
2700300,Arapiraca,2022,censo_demografico,Pessoas Total,Não se aplica,Pessoas de 15 anos ou mais de idade,182306.0
2700300,Arapiraca,2022,censo_demografico,Taxa de Alfabetização,Não se aplica,Pessoas de 15 anos ou mais de idade,84.7448794883328
2700300,Arapiraca,2022,censo_demografico,Taxa de Analfabetismo,Não se aplica,Pessoas de 15 anos ou mais de idade,15.2551205116672
2700300,Arapiraca,2023,censo_escolar,Escolas,Estadual,Educação Infantil,0.0
2700300,Arapiraca,2023,censo_escolar,Escolas,Estadual,Educação Profissional,2.0
2700300,Arapiraca,2023,censo_escolar,Escolas,Estadual,Educação de Jovens e Adultos (EJA),4.0
2700300,Arapiraca,2023,censo_escolar,Escolas,Estadual,Ensino Fundamental,10.0
2700300,Arapiraca,2023,censo_escolar,Escolas,Estadual,Ensino Médio,12.0
2700300,Arapiraca,2023,censo_escolar,Escolas,Federal,Educação Infantil,0.0
2700300,Arapiraca,2023,censo_escolar,Escolas,Federal,Educação Profissional,1.0
2700300,Arapiraca,2023,censo_escolar,Escolas,Federal,Educação de Jovens e Adultos (EJA),0.0
2700300,Arapiraca,2023,censo_escolar,Escolas,Federal,Ensino Fundamental,0.0
2700300,Arapiraca,2023,censo_escolar,Escolas,Federal,Ensino Médio,1.0
2700300,Arapiraca,2023,censo_escolar,Escolas,Municipal,Educação Infantil,66.0
2700300,Arapiraca,2023,censo_escolar,Escolas,Municipal,Educação Profissional,1.0
2700300,Arapiraca,2023,censo_escolar,Escolas,Municipal,Educação de Jovens e Adultos (EJA),8.0
2700300,Arapiraca,2023,censo_escolar,Escolas,Municipal,Ensino Fundamental,61.0
2700300,Arapiraca,2023,censo_escolar,Escolas,Municipal,Ensino Médio,0.0
2700300,Arapiraca,2023,censo_escolar,Escolas,Privada,Educação Infantil,41.0
2700300,Arapiraca,2023,censo_escolar,Escolas,Privada,Educação Profissional,4.0
2700300,Arapiraca,2023,censo_escolar,Escolas,Privada,Educação de Jovens e Adultos (EJA),0.0
2700300,Arapiraca,2023,censo_escolar,Escolas,Privada,Ensino Fundamental,40.0
2700300,Arapiraca,2023,censo_escolar,Escolas,Privada,Ensino Médio,21.0
2700300,Arapiraca,2023,censo_escolar,Escolas,Pública,Educação Infantil,66.0
2700300,Arapiraca,2023,censo_escolar,Escolas,Pública,Educação Profissional,4.0
2700300,Arapiraca,2023,censo_escolar,Escolas,Pública,Educação de Jovens e Adultos (EJA),12.0
2700300,Arapiraca,2023,censo_escolar,Escolas,Pública,Ensino Fundamental,71.0
2700300,Arapiraca,2023,censo_escolar,Escolas,Pública,Ensino Médio,13.0
2700300,Arapiraca,2023,censo_escolar,Escolas,Total,Educação Infantil,107.0
2700300,Arapiraca,2023,censo_escolar,Escolas,Total,Educação Profissional,8.0
2700300,Arapiraca,2023,censo_escolar,Escolas,Total,Educação de Jovens e Adultos (EJA),12.0
2700300,Arapiraca,2023,censo_escolar,Escolas,Total,Ensino Fundamental,111.0
2700300,Arapiraca,2023,censo_escolar,Escolas,Total,Ensino Médio,34.0
2700300,Arapiraca,2023,censo_escolar,Matrícula,Estadual,Educação Infantil,0.0
2700300,Arapiraca,2023,censo_escolar,Matrícula,Estadual,Educação Profissional,254.0
2700300,Arapiraca,2023,censo_escolar,Matrícula,Estadual,Educação de Jovens e Adultos (EJA),1329.0
2700300,Arapiraca,2023,censo_escolar,Matrícula,Estadual,Ensino Fundamental,3574.0
2700300,Arapiraca,2023,censo_escolar,Matrícula,Estadual,Ensino Médio,7254.0
2700300,Arapiraca,2023,censo_escolar,Matrícula,Federal,Educação Infantil,0.0
2700300,Arapiraca,2023,censo_escolar,Matrícula,Federal,Educação Profissional,669.0
2700300,Arapiraca,2023,censo_escolar,Matrícula,Federal,Educação de Jovens e Adultos (EJA),0.0
2700300,Arapiraca,2023,censo_escolar,Matrícula,Federal,Ensino Fundamental,0.0
2700300,Arapiraca,2023,censo_escolar,Matrícula,Federal,Ensino Médio,433.0
2700300,Arapiraca,2023,censo_escolar,Matrícula,Municipal,Educação Infantil,7361.0
2700300,Arapiraca,2023,censo_escolar,Matrícula,Municipal,Educação Profissional,88.0
2700300,Arapiraca,2023,censo_escolar,Matrícula,Municipal,Educação de Jovens e Adultos (EJA),788.0
2700300,Arapiraca,2023,censo_escolar,Matrícula,Municipal,Ensino Fundamental,22107.0
2700300,Arapiraca,2023,censo_escolar,Matrícula,Municipal,Ensino Médio,0.0
2700300,Arapiraca,2023,censo_escolar,Matrícula,Privada,Educação Infantil,2665.0
2700300,Arapiraca,2023,censo_escolar,Matrícula,Privada,Educação Profissional,1507.0
2700300,Arapiraca,2023,censo_escolar,Matrícula,Privada,Educação de Jovens e Adultos (EJA),0.0
2700300,Arapiraca,2023,censo_escolar,Matrícula,Privada,Ensino Fundamental,8347.0
2700300,Arapiraca,2023,censo_escolar,Matrícula,Privada,Ensino Médio,1951.0
2700300,Arapiraca,2023,censo_escolar,Matrícula,Pública,Educação Infantil,7361.0
2700300,Arapiraca,2023,censo_escolar,Matrícula,Pública,Educação Profissional,1011.0
2700300,Arapiraca,2023,censo_escolar,Matrícula,Pública,Educação de Jovens e Adultos (EJA),2117.0
2700300,Arapiraca,2023,censo_escolar,Matrícula,Pública,Ensino Fundamental,25681.0
2700300,Arapiraca,2023,censo_escolar,Matrícula,Pública,Ensino Médio,7687.0
2700300,Arapiraca,2023,censo_escolar,Matrícula,Total,Educação Infantil,10026.0
2700300,Arapiraca,2023,censo_escolar,Matrícula,Total,Educação Profissional,2518.0
2700300,Arapiraca,2023,censo_escolar,Matrícula,Total,Educação de Jovens e Adultos (EJA),2117.0
2700300,Arapiraca,2023,censo_escolar,Matrícula,Total,Ensino Fundamental,34028.0
2700300,Arapiraca,2023,censo_escolar,Matrícula,Total,Ensino Médio,9638.0
2700300,Arapiraca,2023,indicadores_rendimento,Taxa de Abandono,Estadual,Ensino Fundamental,0.8
2700300,Arapiraca,2023,indicadores_rendimento,Taxa de Abandono,Estadual,Ensino Médio,3.4
2700300,Arapiraca,2023,indicadores_rendimento,Taxa de Abandono,Federal,Ensino Fundamental,0.0
2700300,Arapiraca,2023,indicadores_rendimento,Taxa de Abandono,Federal,Ensino Médio,1.9
2700300,Arapiraca,2023,indicadores_rendimento,Taxa de Abandono,Municipal,Ensino Fundamental,0.5
2700300,Arapiraca,2023,indicadores_rendimento,Taxa de Abandono,Municipal,Ensino Médio,0.0
2700300,Arapiraca,2023,indicadores_rendimento,Taxa de Abandono,Privada,Ensino Fundamental,0.1
2700300,Arapiraca,2023,indicadores_rendimento,Taxa de Abandono,Privada,Ensino Médio,0.5
2700300,Arapiraca,2023,indicadores_rendimento,Taxa de Abandono,Pública,Ensino Fundamental,0.5
2700300,Arapiraca,2023,indicadores_rendimento,Taxa de Abandono,Pública,Ensino Médio,3.3
2700300,Arapiraca,2023,indicadores_rendimento,Taxa de Abandono,Total,Ensino Fundamental,0.5
2700300,Arapiraca,2023,indicadores_rendimento,Taxa de Abandono,Total,Ensino Médio,2.7
2700300,Arapiraca,2023,indicadores_rendimento,Taxa de Aprovação,Estadual,Ensino Fundamental,98.3
2700300,Arapiraca,2023,indicadores_rendimento,Taxa de Aprovação,Estadual,Ensino Médio,92.9
2700300,Arapiraca,2023,indicadores_rendimento,Taxa de Aprovação,Federal,Ensino Fundamental,0.0
2700300,Arapiraca,2023,indicadores_rendimento,Taxa de Aprovação,Federal,Ensino Médio,96.5
2700300,Arapiraca,2023,indicadores_rendimento,Taxa de Aprovação,Municipal,Ensino Fundamental,95.2
2700300,Arapiraca,2023,indicadores_rendimento,Taxa de Aprovação,Municipal,Ensino Médio,0.0
2700300,Arapiraca,2023,indicadores_rendimento,Taxa de Aprovação,Privada,Ensino Fundamental,98.8
2700300,Arapiraca,2023,indicadores_rendimento,Taxa de Aprovação,Privada,Ensino Médio,96.5
2700300,Arapiraca,2023,indicadores_rendimento,Taxa de Aprovação,Pública,Ensino Fundamental,95.7
2700300,Arapiraca,2023,indicadores_rendimento,Taxa de Aprovação,Pública,Ensino Médio,93.1
2700300,Arapiraca,2023,indicadores_rendimento,Taxa de Aprovação,Total,Ensino Fundamental,96.4
2700300,Arapiraca,2023,indicadores_rendimento,Taxa de Aprovação,Total,Ensino Médio,93.8
2700300,Arapiraca,2023,indicadores_rendimento,Taxa de Reprovação,Estadual,Ensino Fundamental,0.9
2700300,Arapiraca,2023,indicadores_rendimento,Taxa de Reprovação,Estadual,Ensino Médio,3.7
2700300,Arapiraca,2023,indicadores_rendimento,Taxa de Reprovação,Federal,Ensino Fundamental,0.0
2700300,Arapiraca,2023,indicadores_rendimento,Taxa de Reprovação,Federal,Ensino Médio,1.6
2700300,Arapiraca,2023,indicadores_rendimento,Taxa de Reprovação,Municipal,Ensino Fundamental,4.3
2700300,Arapiraca,2023,indicadores_rendimento,Taxa de Reprovação,Municipal,Ensino Médio,0.0
2700300,Arapiraca,2023,indicadores_rendimento,Taxa de Reprovação,Privada,Ensino Fundamental,1.1
2700300,Arapiraca,2023,indicadores_rendimento,Taxa de Reprovação,Privada,Ensino Médio,3.0
2700300,Arapiraca,2023,indicadores_rendimento,Taxa de Reprovação,Pública,Ensino Fundamental,3.8
2700300,Arapiraca,2023,indicadores_rendimento,Taxa de Reprovação,Pública,Ensino Médio,3.6
2700300,Arapiraca,2023,indicadores_rendimento,Taxa de Reprovação,Total,Ensino Fundamental,3.1
2700300,Arapiraca,2023,indicadores_rendimento,Taxa de Reprovação,Total,Ensino Médio,3.5
2702405,Delmiro Gouveia,2010,censo_demografico,Pessoas Alfabetizadas,Não se aplica,Pessoas de 15 anos ou mais de idade,26166.0
2702405,Delmiro Gouveia,2010,censo_demografico,Pessoas Total,Não se aplica,Pessoas de 15 anos ou mais de idade,34139.0
2702405,Delmiro Gouveia,2010,censo_demografico,Taxa de Alfabetização,Não se aplica,Pessoas de 15 anos ou mais de idade,76.64547877793726
2702405,Delmiro Gouveia,2010,censo_demografico,Taxa de Analfabetismo,Não se aplica,Pessoas de 15 anos ou mais de idade,23.354521222062743
2702405,Delmiro Gouveia,2010,censo_escolar,Escolas,Estadual,Educação Infantil,0.0
2702405,Delmiro Gouveia,2010,censo_escolar,Escolas,Estadual,Educação Profissional,1.0
2702405,Delmiro Gouveia,2010,censo_escolar,Escolas,Estadual,Educação de Jovens e Adultos (EJA),1.0
2702405,Delmiro Gouveia,2010,censo_escolar,Escolas,Estadual,Ensino Fundamental,4.0
2702405,Delmiro Gouveia,2010,censo_escolar,Escolas,Estadual,Ensino Médio,3.0
2702405,Delmiro Gouveia,2010,censo_escolar,Escolas,Municipal,Educação Infantil,27.0
2702405,Delmiro Gouveia,2010,censo_escolar,Escolas,Municipal,Educação Profissional,1.0
2702405,Delmiro Gouveia,2010,censo_escolar,Escolas,Municipal,Educação de Jovens e Adultos (EJA),17.0
2702405,Delmiro Gouveia,2010,censo_escolar,Escolas,Municipal,Ensino Fundamental,31.0
2702405,Delmiro Gouveia,2010,censo_escolar,Escolas,Municipal,Ensino Médio,1.0
2702405,Delmiro Gouveia,2010,censo_escolar,Escolas,Privada,Educação Infantil,4.0
2702405,Delmiro Gouveia,2010,censo_escolar,Escolas,Privada,Educação Profissional,0.0
2702405,Delmiro Gouveia,2010,censo_escolar,Escolas,Privada,Educação de Jovens e Adultos (EJA),0.0
2702405,Delmiro Gouveia,2010,censo_escolar,Escolas,Privada,Ensino Fundamental,5.0
2702405,Delmiro Gouveia,2010,censo_escolar,Escolas,Privada,Ensino Médio,3.0
2702405,Delmiro Gouveia,2010,censo_escolar,Escolas,Pública,Educação Infantil,27.0
2702405,Delmiro Gouveia,2010,censo_escolar,Escolas,Pública,Educação Profissional,2.0
2702405,Delmiro Gouveia,2010,censo_escolar,Escolas,Pública,Educação de Jovens e Adultos (EJA),18.0
2702405,Delmiro Gouveia,2010,censo_escolar,Escolas,Pública,Ensino Fundamental,35.0
2702405,Delmiro Gouveia,2010,censo_escolar,Escolas,Pública,Ensino Médio,4.0
2702405,Delmiro Gouveia,2010,censo_escolar,Escolas,Total,Educação Infantil,31.0
2702405,Delmiro Gouveia,2010,censo_escolar,Escolas,Total,Educação Profissional,2.0
2702405,Delmiro Gouveia,2010,censo_escolar,Escolas,Total,Educação de Jovens e Adultos (EJA),18.0
2702405,Delmiro Gouveia,2010,censo_escolar,Escolas,Total,Ensino Fundamental,40.0
2702405,Delmiro Gouveia,2010,censo_escolar,Escolas,Total,Ensino Médio,7.0
2702405,Delmiro Gouveia,2010,censo_escolar,Matrícula,Estadual,Educação Infantil,0.0
2702405,Delmiro Gouveia,2010,censo_escolar,Matrícula,Estadual,Educação Profissional,616.0
2702405,Delmiro Gouveia,2010,censo_escolar,Matrícula,Estadual,Educação de Jovens e Adultos (EJA),157.0
2702405,Delmiro Gouveia,2010,censo_escolar,Matrícula,Estadual,Ensino Fundamental,1097.0
2702405,Delmiro Gouveia,2010,censo_escolar,Matrícula,Estadual,Ensino Médio,1741.0
2702405,Delmiro Gouveia,2010,censo_escolar,Matrícula,Municipal,Educação Infantil,1137.0
2702405,Delmiro Gouveia,2010,censo_escolar,Matrícula,Municipal,Educação Profissional,83.0
2702405,Delmiro Gouveia,2010,censo_escolar,Matrícula,Municipal,Educação de Jovens e Adultos (EJA),781.0
2702405,Delmiro Gouveia,2010,censo_escolar,Matrícula,Municipal,Ensino Fundamental,8020.0
2702405,Delmiro Gouveia,2010,censo_escolar,Matrícula,Municipal,Ensino Médio,83.0
2702405,Delmiro Gouveia,2010,censo_escolar,Matrícula,Privada,Educação Infantil,248.0
2702405,Delmiro Gouveia,2010,censo_escolar,Matrícula,Privada,Educação Profissional,0.0
2702405,Delmiro Gouveia,2010,censo_escolar,Matrícula,Privada,Educação de Jovens e Adultos (EJA),0.0
2702405,Delmiro Gouveia,2010,censo_escolar,Matrícula,Privada,Ensino Fundamental,1080.0
2702405,Delmiro Gouveia,2010,censo_escolar,Matrícula,Privada,Ensino Médio,291.0
2702405,Delmiro Gouveia,2010,censo_escolar,Matrícula,Pública,Educação Infantil,1137.0
2702405,Delmiro Gouveia,2010,censo_escolar,Matrícula,Pública,Educação Profissional,699.0
2702405,Delmiro Gouveia,2010,censo_escolar,Matrícula,Pública,Educação de Jovens e Adultos (EJA),938.0
2702405,Delmiro Gouveia,2010,censo_escolar,Matrícula,Pública,Ensino Fundamental,9117.0
2702405,Delmiro Gouveia,2010,censo_escolar,Matrícula,Pública,Ensino Médio,1824.0
2702405,Delmiro Gouveia,2010,censo_escolar,Matrícula,Total,Educação Infantil,1385.0
2702405,Delmiro Gouveia,2010,censo_escolar,Matrícula,Total,Educação Profissional,699.0
2702405,Delmiro Gouveia,2010,censo_escolar,Matrícula,Total,Educação de Jovens e Adultos (EJA),938.0
2702405,Delmiro Gouveia,2010,censo_escolar,Matrícula,Total,Ensino Fundamental,10197.0
2702405,Delmiro Gouveia,2010,censo_escolar,Matrícula,Total,Ensino Médio,2115.0
2702405,Delmiro Gouveia,2010,indicadores_rendimento,Taxa de Abandono,Estadual,Ensino Fundamental,0.0
2702405,Delmiro Gouveia,2010,indicadores_rendimento,Taxa de Abandono,Estadual,Ensino Médio,31.2
2702405,Delmiro Gouveia,2010,indicadores_rendimento,Taxa de Abandono,Municipal,Ensino Fundamental,3.9
2702405,Delmiro Gouveia,2010,indicadores_rendimento,Taxa de Abandono,Municipal,Ensino Médio,0.0
2702405,Delmiro Gouveia,2010,indicadores_rendimento,Taxa de Abandono,Privada,Ensino Fundamental,0.0
2702405,Delmiro Gouveia,2010,indicadores_rendimento,Taxa de Abandono,Privada,Ensino Médio,1.7
2702405,Delmiro Gouveia,2010,indicadores_rendimento,Taxa de Abandono,Pública,Ensino Fundamental,3.8
2702405,Delmiro Gouveia,2010,indicadores_rendimento,Taxa de Abandono,Pública,Ensino Médio,31.2
2702405,Delmiro Gouveia,2010,indicadores_rendimento,Taxa de Abandono,Total,Ensino Fundamental,3.4
2702405,Delmiro Gouveia,2010,indicadores_rendimento,Taxa de Abandono,Total,Ensino Médio,27.1
2702405,Delmiro Gouveia,2010,indicadores_rendimento,Taxa de Aprovação,Estadual,Ensino Fundamental,100.0
2702405,Delmiro Gouveia,2010,indicadores_rendimento,Taxa de Aprovação,Estadual,Ensino Médio,53.8
2702405,Delmiro Gouveia,2010,indicadores_rendimento,Taxa de Aprovação,Municipal,Ensino Fundamental,91.3
2702405,Delmiro Gouveia,2010,indicadores_rendimento,Taxa de Aprovação,Municipal,Ensino Médio,0.0
2702405,Delmiro Gouveia,2010,indicadores_rendimento,Taxa de Aprovação,Privada,Ensino Fundamental,97.4
2702405,Delmiro Gouveia,2010,indicadores_rendimento,Taxa de Aprovação,Privada,Ensino Médio,90.2
2702405,Delmiro Gouveia,2010,indicadores_rendimento,Taxa de Aprovação,Pública,Ensino Fundamental,91.5
2702405,Delmiro Gouveia,2010,indicadores_rendimento,Taxa de Aprovação,Pública,Ensino Médio,53.8
2702405,Delmiro Gouveia,2010,indicadores_rendimento,Taxa de Aprovação,Total,Ensino Fundamental,92.1
2702405,Delmiro Gouveia,2010,indicadores_rendimento,Taxa de Aprovação,Total,Ensino Médio,58.8
2702405,Delmiro Gouveia,2010,indicadores_rendimento,Taxa de Reprovação,Estadual,Ensino Fundamental,0.0
2702405,Delmiro Gouveia,2010,indicadores_rendimento,Taxa de Reprovação,Estadual,Ensino Médio,15.0
2702405,Delmiro Gouveia,2010,indicadores_rendimento,Taxa de Reprovação,Municipal,Ensino Fundamental,4.8
2702405,Delmiro Gouveia,2010,indicadores_rendimento,Taxa de Reprovação,Municipal,Ensino Médio,0.0
2702405,Delmiro Gouveia,2010,indicadores_rendimento,Taxa de Reprovação,Privada,Ensino Fundamental,2.6
2702405,Delmiro Gouveia,2010,indicadores_rendimento,Taxa de Reprovação,Privada,Ensino Médio,8.1
2702405,Delmiro Gouveia,2010,indicadores_rendimento,Taxa de Reprovação,Pública,Ensino Fundamental,4.7
2702405,Delmiro Gouveia,2010,indicadores_rendimento,Taxa de Reprovação,Pública,Ensino Médio,15.0
2702405,Delmiro Gouveia,2010,indicadores_rendimento,Taxa de Reprovação,Total,Ensino Fundamental,4.5
2702405,Delmiro Gouveia,2010,indicadores_rendimento,Taxa de Reprovação,Total,Ensino Médio,14.1
2702405,Delmiro Gouveia,2019,censo_escolar,Escolas,Estadual,Educação Infantil,0.0
2702405,Delmiro Gouveia,2019,censo_escolar,Escolas,Estadual,Educação Profissional,1.0
2702405,Delmiro Gouveia,2019,censo_escolar,Escolas,Estadual,Educação de Jovens e Adultos (EJA),3.0
2702405,Delmiro Gouveia,2019,censo_escolar,Escolas,Estadual,Ensino Fundamental,2.0
2702405,Delmiro Gouveia,2019,censo_escolar,Escolas,Estadual,Ensino Médio,4.0
2702405,Delmiro Gouveia,2019,censo_escolar,Escolas,Municipal,Educação Infantil,24.0
2702405,Delmiro Gouveia,2019,censo_escolar,Escolas,Municipal,Educação Profissional,0.0
2702405,Delmiro Gouveia,2019,censo_escolar,Escolas,Municipal,Educação de Jovens e Adultos (EJA),5.0
2702405,Delmiro Gouveia,2019,censo_escolar,Escolas,Municipal,Ensino Fundamental,23.0
2702405,Delmiro Gouveia,2019,censo_escolar,Escolas,Municipal,Ensino Médio,0.0
2702405,Delmiro Gouveia,2019,censo_escolar,Escolas,Privada,Educação Infantil,8.0
2702405,Delmiro Gouveia,2019,censo_escolar,Escolas,Privada,Educação Profissional,0.0
2702405,Delmiro Gouveia,2019,censo_escolar,Escolas,Privada,Educação de Jovens e Adultos (EJA),0.0
2702405,Delmiro Gouveia,2019,censo_escolar,Escolas,Privada,Ensino Fundamental,9.0
2702405,Delmiro Gouveia,2019,censo_escolar,Escolas,Privada,Ensino Médio,3.0
2702405,Delmiro Gouveia,2019,censo_escolar,Escolas,Pública,Educação Infantil,24.0
2702405,Delmiro Gouveia,2019,censo_escolar,Escolas,Pública,Educação Profissional,1.0
2702405,Delmiro Gouveia,2019,censo_escolar,Escolas,Pública,Educação de Jovens e Adultos (EJA),8.0
2702405,Delmiro Gouveia,2019,censo_escolar,Escolas,Pública,Ensino Fundamental,25.0
2702405,Delmiro Gouveia,2019,censo_escolar,Escolas,Pública,Ensino Médio,4.0
2702405,Delmiro Gouveia,2019,censo_escolar,Escolas,Total,Educação Infantil,32.0
2702405,Delmiro Gouveia,2019,censo_escolar,Escolas,Total,Educação Profissional,1.0
2702405,Delmiro Gouveia,2019,censo_escolar,Escolas,Total,Educação de Jovens e Adultos (EJA),8.0
2702405,Delmiro Gouveia,2019,censo_escolar,Escolas,Total,Ensino Fundamental,34.0
2702405,Delmiro Gouveia,2019,censo_escolar,Escolas,Total,Ensino Médio,7.0
2702405,Delmiro Gouveia,2019,censo_escolar,Matrícula,Estadual,Educação Infantil,0.0
2702405,Delmiro Gouveia,2019,censo_escolar,Matrícula,Estadual,Educação Profissional,214.0
2702405,Delmiro Gouveia,2019,censo_escolar,Matrícula,Estadual,Educação de Jovens e Adultos (EJA),325.0
2702405,Delmiro Gouveia,2019,censo_escolar,Matrícula,Estadual,Ensino Fundamental,228.0
2702405,Delmiro Gouveia,2019,censo_escolar,Matrícula,Estadual,Ensino Médio,1495.0
2702405,Delmiro Gouveia,2019,censo_escolar,Matrícula,Municipal,Educação Infantil,1835.0
2702405,Delmiro Gouveia,2019,censo_escolar,Matrícula,Municipal,Educação Profissional,0.0
2702405,Delmiro Gouveia,2019,censo_escolar,Matrícula,Municipal,Educação de Jovens e Adultos (EJA),607.0
2702405,Delmiro Gouveia,2019,censo_escolar,Matrícula,Municipal,Ensino Fundamental,6892.0
2702405,Delmiro Gouveia,2019,censo_escolar,Matrícula,Municipal,Ensino Médio,0.0
2702405,Delmiro Gouveia,2019,censo_escolar,Matrícula,Privada,Educação Infantil,412.0
2702405,Delmiro Gouveia,2019,censo_escolar,Matrícula,Privada,Educação Profissional,0.0
2702405,Delmiro Gouveia,2019,censo_escolar,Matrícula,Privada,Educação de Jovens e Adultos (EJA),0.0
2702405,Delmiro Gouveia,2019,censo_escolar,Matrícula,Privada,Ensino Fundamental,1283.0
2702405,Delmiro Gouveia,2019,censo_escolar,Matrícula,Privada,Ensino Médio,138.0
2702405,Delmiro Gouveia,2019,censo_escolar,Matrícula,Pública,Educação Infantil,1835.0
2702405,Delmiro Gouveia,2019,censo_escolar,Matrícula,Pública,Educação Profissional,214.0
2702405,Delmiro Gouveia,2019,censo_escolar,Matrícula,Pública,Educação de Jovens e Adultos (EJA),932.0
2702405,Delmiro Gouveia,2019,censo_escolar,Matrícula,Pública,Ensino Fundamental,7120.0
2702405,Delmiro Gouveia,2019,censo_escolar,Matrícula,Pública,Ensino Médio,1495.0
2702405,Delmiro Gouveia,2019,censo_escolar,Matrícula,Total,Educação Infantil,2247.0
2702405,Delmiro Gouveia,2019,censo_escolar,Matrícula,Total,Educação Profissional,214.0
2702405,Delmiro Gouveia,2019,censo_escolar,Matrícula,Total,Educação de Jovens e Adultos (EJA),932.0
2702405,Delmiro Gouveia,2019,censo_escolar,Matrícula,Total,Ensino Fundamental,8403.0
2702405,Delmiro Gouveia,2019,censo_escolar,Matrícula,Total,Ensino Médio,1633.0
2702405,Delmiro Gouveia,2019,indicadores_rendimento,Taxa de Abandono,Estadual,Ensino Fundamental,0.0
2702405,Delmiro Gouveia,2019,indicadores_rendimento,Taxa de Abandono,Estadual,Ensino Médio,4.5
2702405,Delmiro Gouveia,2019,indicadores_rendimento,Taxa de Abandono,Municipal,Ensino Fundamental,2.9
2702405,Delmiro Gouveia,2019,indicadores_rendimento,Taxa de Abandono,Municipal,Ensino Médio,0.0
2702405,Delmiro Gouveia,2019,indicadores_rendimento,Taxa de Abandono,Privada,Ensino Fundamental,0.2
2702405,Delmiro Gouveia,2019,indicadores_rendimento,Taxa de Abandono,Privada,Ensino Médio,0.0
2702405,Delmiro Gouveia,2019,indicadores_rendimento,Taxa de Abandono,Pública,Ensino Fundamental,2.9
2702405,Delmiro Gouveia,2019,indicadores_rendimento,Taxa de Abandono,Pública,Ensino Médio,4.5
2702405,Delmiro Gouveia,2019,indicadores_rendimento,Taxa de Abandono,Total,Ensino Fundamental,2.4
2702405,Delmiro Gouveia,2019,indicadores_rendimento,Taxa de Abandono,Total,Ensino Médio,4.0
2702405,Delmiro Gouveia,2019,indicadores_rendimento,Taxa de Aprovação,Estadual,Ensino Fundamental,97.8
2702405,Delmiro Gouveia,2019,indicadores_rendimento,Taxa de Aprovação,Estadual,Ensino Médio,91.9
2702405,Delmiro Gouveia,2019,indicadores_rendimento,Taxa de Aprovação,Municipal,Ensino Fundamental,86.5
2702405,Delmiro Gouveia,2019,indicadores_rendimento,Taxa de Aprovação,Municipal,Ensino Médio,0.0
2702405,Delmiro Gouveia,2019,indicadores_rendimento,Taxa de Aprovação,Privada,Ensino Fundamental,99.3
2702405,Delmiro Gouveia,2019,indicadores_rendimento,Taxa de Aprovação,Privada,Ensino Médio,99.3
2702405,Delmiro Gouveia,2019,indicadores_rendimento,Taxa de Aprovação,Pública,Ensino Fundamental,86.8
2702405,Delmiro Gouveia,2019,indicadores_rendimento,Taxa de Aprovação,Pública,Ensino Médio,91.9
2702405,Delmiro Gouveia,2019,indicadores_rendimento,Taxa de Aprovação,Total,Ensino Fundamental,88.8
2702405,Delmiro Gouveia,2019,indicadores_rendimento,Taxa de Aprovação,Total,Ensino Médio,92.6
2702405,Delmiro Gouveia,2019,indicadores_rendimento,Taxa de Reprovação,Estadual,Ensino Fundamental,2.2
2702405,Delmiro Gouveia,2019,indicadores_rendimento,Taxa de Reprovação,Estadual,Ensino Médio,3.6
2702405,Delmiro Gouveia,2019,indicadores_rendimento,Taxa de Reprovação,Municipal,Ensino Fundamental,10.6
2702405,Delmiro Gouveia,2019,indicadores_rendimento,Taxa de Reprovação,Municipal,Ensino Médio,0.0
2702405,Delmiro Gouveia,2019,indicadores_rendimento,Taxa de Reprovação,Privada,Ensino Fundamental,0.5
2702405,Delmiro Gouveia,2019,indicadores_rendimento,Taxa de Reprovação,Privada,Ensino Médio,0.7
2702405,Delmiro Gouveia,2019,indicadores_rendimento,Taxa de Reprovação,Pública,Ensino Fundamental,10.3
2702405,Delmiro Gouveia,2019,indicadores_rendimento,Taxa de Reprovação,Pública,Ensino Médio,3.6
2702405,Delmiro Gouveia,2019,indicadores_rendimento,Taxa de Reprovação,Total,Ensino Fundamental,8.8
2702405,Delmiro Gouveia,2019,indicadores_rendimento,Taxa de Reprovação,Total,Ensino Médio,3.4
2702405,Delmiro Gouveia,2021,censo_escolar,Escolas,Estadual,Educação Infantil,0.0
2702405,Delmiro Gouveia,2021,censo_escolar,Escolas,Estadual,Educação Profissional,1.0
2702405,Delmiro Gouveia,2021,censo_escolar,Escolas,Estadual,Educação de Jovens e Adultos (EJA),1.0
2702405,Delmiro Gouveia,2021,censo_escolar,Escolas,Estadual,Ensino Fundamental,0.0
2702405,Delmiro Gouveia,2021,censo_escolar,Escolas,Estadual,Ensino Médio,4.0
2702405,Delmiro Gouveia,2021,censo_escolar,Escolas,Municipal,Educação Infantil,24.0
2702405,Delmiro Gouveia,2021,censo_escolar,Escolas,Municipal,Educação Profissional,0.0
2702405,Delmiro Gouveia,2021,censo_escolar,Escolas,Municipal,Educação de Jovens e Adultos (EJA),4.0
2702405,Delmiro Gouveia,2021,censo_escolar,Escolas,Municipal,Ensino Fundamental,24.0
2702405,Delmiro Gouveia,2021,censo_escolar,Escolas,Municipal,Ensino Médio,0.0
2702405,Delmiro Gouveia,2021,censo_escolar,Escolas,Privada,Educação Infantil,8.0
2702405,Delmiro Gouveia,2021,censo_escolar,Escolas,Privada,Educação Profissional,0.0
2702405,Delmiro Gouveia,2021,censo_escolar,Escolas,Privada,Educação de Jovens e Adultos (EJA),0.0
2702405,Delmiro Gouveia,2021,censo_escolar,Escolas,Privada,Ensino Fundamental,9.0
2702405,Delmiro Gouveia,2021,censo_escolar,Escolas,Privada,Ensino Médio,2.0
2702405,Delmiro Gouveia,2021,censo_escolar,Escolas,Pública,Educação Infantil,24.0
2702405,Delmiro Gouveia,2021,censo_escolar,Escolas,Pública,Educação Profissional,1.0
2702405,Delmiro Gouveia,2021,censo_escolar,Escolas,Pública,Educação de Jovens e Adultos (EJA),5.0
2702405,Delmiro Gouveia,2021,censo_escolar,Escolas,Pública,Ensino Fundamental,24.0
2702405,Delmiro Gouveia,2021,censo_escolar,Escolas,Pública,Ensino Médio,4.0
2702405,Delmiro Gouveia,2021,censo_escolar,Escolas,Total,Educação Infantil,32.0
2702405,Delmiro Gouveia,2021,censo_escolar,Escolas,Total,Educação Profissional,1.0
2702405,Delmiro Gouveia,2021,censo_escolar,Escolas,Total,Educação de Jovens e Adultos (EJA),5.0
2702405,Delmiro Gouveia,2021,censo_escolar,Escolas,Total,Ensino Fundamental,33.0
2702405,Delmiro Gouveia,2021,censo_escolar,Escolas,Total,Ensino Médio,6.0
2702405,Delmiro Gouveia,2021,censo_escolar,Matrícula,Estadual,Educação Infantil,0.0
2702405,Delmiro Gouveia,2021,censo_escolar,Matrícula,Estadual,Educação Profissional,194.0
2702405,Delmiro Gouveia,2021,censo_escolar,Matrícula,Estadual,Educação de Jovens e Adultos (EJA),167.0
2702405,Delmiro Gouveia,2021,censo_escolar,Matrícula,Estadual,Ensino Fundamental,0.0
2702405,Delmiro Gouveia,2021,censo_escolar,Matrícula,Estadual,Ensino Médio,1407.0
2702405,Delmiro Gouveia,2021,censo_escolar,Matrícula,Municipal,Educação Infantil,1652.0
2702405,Delmiro Gouveia,2021,censo_escolar,Matrícula,Municipal,Educação Profissional,0.0
2702405,Delmiro Gouveia,2021,censo_escolar,Matrícula,Municipal,Educação de Jovens e Adultos (EJA),348.0
2702405,Delmiro Gouveia,2021,censo_escolar,Matrícula,Municipal,Ensino Fundamental,7242.0
2702405,Delmiro Gouveia,2021,censo_escolar,Matrícula,Municipal,Ensino Médio,0.0
2702405,Delmiro Gouveia,2021,censo_escolar,Matrícula,Privada,Educação Infantil,251.0
2702405,Delmiro Gouveia,2021,censo_escolar,Matrícula,Privada,Educação Profissional,0.0
2702405,Delmiro Gouveia,2021,censo_escolar,Matrícula,Privada,Educação de Jovens e Adultos (EJA),0.0
2702405,Delmiro Gouveia,2021,censo_escolar,Matrícula,Privada,Ensino Fundamental,1186.0
2702405,Delmiro Gouveia,2021,censo_escolar,Matrícula,Privada,Ensino Médio,135.0
2702405,Delmiro Gouveia,2021,censo_escolar,Matrícula,Pública,Educação Infantil,1652.0
2702405,Delmiro Gouveia,2021,censo_escolar,Matrícula,Pública,Educação Profissional,194.0
2702405,Delmiro Gouveia,2021,censo_escolar,Matrícula,Pública,Educação de Jovens e Adultos (EJA),515.0
2702405,Delmiro Gouveia,2021,censo_escolar,Matrícula,Pública,Ensino Fundamental,7242.0
2702405,Delmiro Gouveia,2021,censo_escolar,Matrícula,Pública,Ensino Médio,1407.0
2702405,Delmiro Gouveia,2021,censo_escolar,Matrícula,Total,Educação Infantil,1903.0
2702405,Delmiro Gouveia,2021,censo_escolar,Matrícula,Total,Educação Profissional,194.0
2702405,Delmiro Gouveia,2021,censo_escolar,Matrícula,Total,Educação de Jovens e Adultos (EJA),515.0
2702405,Delmiro Gouveia,2021,censo_escolar,Matrícula,Total,Ensino Fundamental,8428.0
2702405,Delmiro Gouveia,2021,censo_escolar,Matrícula,Total,Ensino Médio,1542.0
2702405,Delmiro Gouveia,2021,indicadores_rendimento,Taxa de Abandono,Estadual,Ensino Fundamental,0.0
2702405,Delmiro Gouveia,2021,indicadores_rendimento,Taxa de Abandono,Estadual,Ensino Médio,0.4
2702405,Delmiro Gouveia,2021,indicadores_rendimento,Taxa de Abandono,Municipal,Ensino Fundamental,0.1
2702405,Delmiro Gouveia,2021,indicadores_rendimento,Taxa de Abandono,Municipal,Ensino Médio,0.0
2702405,Delmiro Gouveia,2021,indicadores_rendimento,Taxa de Abandono,Privada,Ensino Fundamental,0.2
2702405,Delmiro Gouveia,2021,indicadores_rendimento,Taxa de Abandono,Privada,Ensino Médio,0.8
2702405,Delmiro Gouveia,2021,indicadores_rendimento,Taxa de Abandono,Pública,Ensino Fundamental,0.1
2702405,Delmiro Gouveia,2021,indicadores_rendimento,Taxa de Abandono,Pública,Ensino Médio,0.4
2702405,Delmiro Gouveia,2021,indicadores_rendimento,Taxa de Abandono,Total,Ensino Fundamental,0.2
2702405,Delmiro Gouveia,2021,indicadores_rendimento,Taxa de Abandono,Total,Ensino Médio,0.5
2702405,Delmiro Gouveia,2021,indicadores_rendimento,Taxa de Aprovação,Estadual,Ensino Fundamental,0.0
2702405,Delmiro Gouveia,2021,indicadores_rendimento,Taxa de Aprovação,Estadual,Ensino Médio,99.2
2702405,Delmiro Gouveia,2021,indicadores_rendimento,Taxa de Aprovação,Municipal,Ensino Fundamental,99.9
2702405,Delmiro Gouveia,2021,indicadores_rendimento,Taxa de Aprovação,Municipal,Ensino Médio,0.0
2702405,Delmiro Gouveia,2021,indicadores_rendimento,Taxa de Aprovação,Privada,Ensino Fundamental,99.7
2702405,Delmiro Gouveia,2021,indicadores_rendimento,Taxa de Aprovação,Privada,Ensino Médio,97.7
2702405,Delmiro Gouveia,2021,indicadores_rendimento,Taxa de Aprovação,Pública,Ensino Fundamental,99.9
2702405,Delmiro Gouveia,2021,indicadores_rendimento,Taxa de Aprovação,Pública,Ensino Médio,99.2
2702405,Delmiro Gouveia,2021,indicadores_rendimento,Taxa de Aprovação,Total,Ensino Fundamental,99.8
2702405,Delmiro Gouveia,2021,indicadores_rendimento,Taxa de Aprovação,Total,Ensino Médio,99.0
2702405,Delmiro Gouveia,2021,indicadores_rendimento,Taxa de Reprovação,Estadual,Ensino Fundamental,0.0
2702405,Delmiro Gouveia,2021,indicadores_rendimento,Taxa de Reprovação,Estadual,Ensino Médio,0.4
2702405,Delmiro Gouveia,2021,indicadores_rendimento,Taxa de Reprovação,Municipal,Ensino Fundamental,0.0
2702405,Delmiro Gouveia,2021,indicadores_rendimento,Taxa de Reprovação,Municipal,Ensino Médio,0.0
2702405,Delmiro Gouveia,2021,indicadores_rendimento,Taxa de Reprovação,Privada,Ensino Fundamental,0.1
2702405,Delmiro Gouveia,2021,indicadores_rendimento,Taxa de Reprovação,Privada,Ensino Médio,1.5
2702405,Delmiro Gouveia,2021,indicadores_rendimento,Taxa de Reprovação,Pública,Ensino Fundamental,0.0
2702405,Delmiro Gouveia,2021,indicadores_rendimento,Taxa de Reprovação,Pública,Ensino Médio,0.4
2702405,Delmiro Gouveia,2021,indicadores_rendimento,Taxa de Reprovação,Total,Ensino Fundamental,0.0
2702405,Delmiro Gouveia,2021,indicadores_rendimento,Taxa de Reprovação,Total,Ensino Médio,0.5
2702405,Delmiro Gouveia,2022,censo_demografico,Pessoas Alfabetizadas,Não se aplica,Pessoas de 15 anos ou mais de idade,32411.0
2702405,Delmiro Gouveia,2022,censo_demografico,Pessoas Total,Não se aplica,Pessoas de 15 anos ou mais de idade,39276.0
2702405,Delmiro Gouveia,2022,censo_demografico,Taxa de Alfabetização,Não se aplica,Pessoas de 15 anos ou mais de idade,82.52113249821774
2702405,Delmiro Gouveia,2022,censo_demografico,Taxa de Analfabetismo,Não se aplica,Pessoas de 15 anos ou mais de idade,17.47886750178226
2702405,Delmiro Gouveia,2023,censo_escolar,Escolas,Estadual,Educação Infantil,0.0
2702405,Delmiro Gouveia,2023,censo_escolar,Escolas,Estadual,Educação Profissional,2.0
2702405,Delmiro Gouveia,2023,censo_escolar,Escolas,Estadual,Educação de Jovens e Adultos (EJA),2.0
2702405,Delmiro Gouveia,2023,censo_escolar,Escolas,Estadual,Ensino Fundamental,0.0
2702405,Delmiro Gouveia,2023,censo_escolar,Escolas,Estadual,Ensino Médio,5.0
2702405,Delmiro Gouveia,2023,censo_escolar,Escolas,Municipal,Educação Infantil,19.0
2702405,Delmiro Gouveia,2023,censo_escolar,Escolas,Municipal,Educação Profissional,0.0
2702405,Delmiro Gouveia,2023,censo_escolar,Escolas,Municipal,Educação de Jovens e Adultos (EJA),1.0
2702405,Delmiro Gouveia,2023,censo_escolar,Escolas,Municipal,Ensino Fundamental,22.0
2702405,Delmiro Gouveia,2023,censo_escolar,Escolas,Municipal,Ensino Médio,0.0
2702405,Delmiro Gouveia,2023,censo_escolar,Escolas,Privada,Educação Infantil,8.0
2702405,Delmiro Gouveia,2023,censo_escolar,Escolas,Privada,Educação Profissional,0.0
2702405,Delmiro Gouveia,2023,censo_escolar,Escolas,Privada,Educação de Jovens e Adultos (EJA),0.0
2702405,Delmiro Gouveia,2023,censo_escolar,Escolas,Privada,Ensino Fundamental,9.0
2702405,Delmiro Gouveia,2023,censo_escolar,Escolas,Privada,Ensino Médio,2.0
2702405,Delmiro Gouveia,2023,censo_escolar,Escolas,Pública,Educação Infantil,19.0
2702405,Delmiro Gouveia,2023,censo_escolar,Escolas,Pública,Educação Profissional,2.0
2702405,Delmiro Gouveia,2023,censo_escolar,Escolas,Pública,Educação de Jovens e Adultos (EJA),3.0
2702405,Delmiro Gouveia,2023,censo_escolar,Escolas,Pública,Ensino Fundamental,22.0
2702405,Delmiro Gouveia,2023,censo_escolar,Escolas,Pública,Ensino Médio,5.0
2702405,Delmiro Gouveia,2023,censo_escolar,Escolas,Total,Educação Infantil,27.0
2702405,Delmiro Gouveia,2023,censo_escolar,Escolas,Total,Educação Profissional,2.0
2702405,Delmiro Gouveia,2023,censo_escolar,Escolas,Total,Educação de Jovens e Adultos (EJA),3.0
2702405,Delmiro Gouveia,2023,censo_escolar,Escolas,Total,Ensino Fundamental,31.0
2702405,Delmiro Gouveia,2023,censo_escolar,Escolas,Total,Ensino Médio,7.0
2702405,Delmiro Gouveia,2023,censo_escolar,Matrícula,Estadual,Educação Infantil,0.0
2702405,Delmiro Gouveia,2023,censo_escolar,Matrícula,Estadual,Educação Profissional,179.0
2702405,Delmiro Gouveia,2023,censo_escolar,Matrícula,Estadual,Educação de Jovens e Adultos (EJA),488.0
2702405,Delmiro Gouveia,2023,censo_escolar,Matrícula,Estadual,Ensino Fundamental,0.0
2702405,Delmiro Gouveia,2023,censo_escolar,Matrícula,Estadual,Ensino Médio,1606.0
2702405,Delmiro Gouveia,2023,censo_escolar,Matrícula,Municipal,Educação Infantil,1921.0
2702405,Delmiro Gouveia,2023,censo_escolar,Matrícula,Municipal,Educação Profissional,0.0
2702405,Delmiro Gouveia,2023,censo_escolar,Matrícula,Municipal,Educação de Jovens e Adultos (EJA),145.0
2702405,Delmiro Gouveia,2023,censo_escolar,Matrícula,Municipal,Ensino Fundamental,6977.0
2702405,Delmiro Gouveia,2023,censo_escolar,Matrícula,Municipal,Ensino Médio,0.0
2702405,Delmiro Gouveia,2023,censo_escolar,Matrícula,Privada,Educação Infantil,437.0
2702405,Delmiro Gouveia,2023,censo_escolar,Matrícula,Privada,Educação Profissional,0.0
2702405,Delmiro Gouveia,2023,censo_escolar,Matrícula,Privada,Educação de Jovens e Adultos (EJA),0.0
2702405,Delmiro Gouveia,2023,censo_escolar,Matrícula,Privada,Ensino Fundamental,1350.0
2702405,Delmiro Gouveia,2023,censo_escolar,Matrícula,Privada,Ensino Médio,107.0
2702405,Delmiro Gouveia,2023,censo_escolar,Matrícula,Pública,Educação Infantil,1921.0
2702405,Delmiro Gouveia,2023,censo_escolar,Matrícula,Pública,Educação Profissional,179.0
2702405,Delmiro Gouveia,2023,censo_escolar,Matrícula,Pública,Educação de Jovens e Adultos (EJA),633.0
2702405,Delmiro Gouveia,2023,censo_escolar,Matrícula,Pública,Ensino Fundamental,6977.0
2702405,Delmiro Gouveia,2023,censo_escolar,Matrícula,Pública,Ensino Médio,1606.0
2702405,Delmiro Gouveia,2023,censo_escolar,Matrícula,Total,Educação Infantil,2358.0
2702405,Delmiro Gouveia,2023,censo_escolar,Matrícula,Total,Educação Profissional,179.0
2702405,Delmiro Gouveia,2023,censo_escolar,Matrícula,Total,Educação de Jovens e Adultos (EJA),633.0
2702405,Delmiro Gouveia,2023,censo_escolar,Matrícula,Total,Ensino Fundamental,8327.0
2702405,Delmiro Gouveia,2023,censo_escolar,Matrícula,Total,Ensino Médio,1713.0
2702405,Delmiro Gouveia,2023,indicadores_rendimento,Taxa de Abandono,Estadual,Ensino Fundamental,0.0
2702405,Delmiro Gouveia,2023,indicadores_rendimento,Taxa de Abandono,Estadual,Ensino Médio,1.3
2702405,Delmiro Gouveia,2023,indicadores_rendimento,Taxa de Abandono,Municipal,Ensino Fundamental,1.0
2702405,Delmiro Gouveia,2023,indicadores_rendimento,Taxa de Abandono,Municipal,Ensino Médio,0.0
2702405,Delmiro Gouveia,2023,indicadores_rendimento,Taxa de Abandono,Privada,Ensino Fundamental,0.0
2702405,Delmiro Gouveia,2023,indicadores_rendimento,Taxa de Abandono,Privada,Ensino Médio,0.0
2702405,Delmiro Gouveia,2023,indicadores_rendimento,Taxa de Abandono,Pública,Ensino Fundamental,1.0
2702405,Delmiro Gouveia,2023,indicadores_rendimento,Taxa de Abandono,Pública,Ensino Médio,1.3
2702405,Delmiro Gouveia,2023,indicadores_rendimento,Taxa de Abandono,Total,Ensino Fundamental,0.8
2702405,Delmiro Gouveia,2023,indicadores_rendimento,Taxa de Abandono,Total,Ensino Médio,1.2
2702405,Delmiro Gouveia,2023,indicadores_rendimento,Taxa de Aprovação,Estadual,Ensino Fundamental,0.0
2702405,Delmiro Gouveia,2023,indicadores_rendimento,Taxa de Aprovação,Estadual,Ensino Médio,97.7
2702405,Delmiro Gouveia,2023,indicadores_rendimento,Taxa de Aprovação,Municipal,Ensino Fundamental,92.0
2702405,Delmiro Gouveia,2023,indicadores_rendimento,Taxa de Aprovação,Municipal,Ensino Médio,0.0
2702405,Delmiro Gouveia,2023,indicadores_rendimento,Taxa de Aprovação,Privada,Ensino Fundamental,99.5
2702405,Delmiro Gouveia,2023,indicadores_rendimento,Taxa de Aprovação,Privada,Ensino Médio,97.2
2702405,Delmiro Gouveia,2023,indicadores_rendimento,Taxa de Aprovação,Pública,Ensino Fundamental,92.0
2702405,Delmiro Gouveia,2023,indicadores_rendimento,Taxa de Aprovação,Pública,Ensino Médio,97.7
2702405,Delmiro Gouveia,2023,indicadores_rendimento,Taxa de Aprovação,Total,Ensino Fundamental,93.2
2702405,Delmiro Gouveia,2023,indicadores_rendimento,Taxa de Aprovação,Total,Ensino Médio,97.7
2702405,Delmiro Gouveia,2023,indicadores_rendimento,Taxa de Reprovação,Estadual,Ensino Fundamental,0.0
2702405,Delmiro Gouveia,2023,indicadores_rendimento,Taxa de Reprovação,Estadual,Ensino Médio,1.0
2702405,Delmiro Gouveia,2023,indicadores_rendimento,Taxa de Reprovação,Municipal,Ensino Fundamental,7.0
2702405,Delmiro Gouveia,2023,indicadores_rendimento,Taxa de Reprovação,Municipal,Ensino Médio,0.0
2702405,Delmiro Gouveia,2023,indicadores_rendimento,Taxa de Reprovação,Privada,Ensino Fundamental,0.5
2702405,Delmiro Gouveia,2023,indicadores_rendimento,Taxa de Reprovação,Privada,Ensino Médio,2.8
2702405,Delmiro Gouveia,2023,indicadores_rendimento,Taxa de Reprovação,Pública,Ensino Fundamental,7.0
2702405,Delmiro Gouveia,2023,indicadores_rendimento,Taxa de Reprovação,Pública,Ensino Médio,1.0
2702405,Delmiro Gouveia,2023,indicadores_rendimento,Taxa de Reprovação,Total,Ensino Fundamental,6.0
2702405,Delmiro Gouveia,2023,indicadores_rendimento,Taxa de Reprovação,Total,Ensino Médio,1.1
2704302,Maceió,2010,censo_demografico,Pessoas Alfabetizadas,Não se aplica,Pessoas de 15 anos ou mais de idade,616705.0
2704302,Maceió,2010,censo_demografico,Pessoas Total,Não se aplica,Pessoas de 15 anos ou mais de idade,699703.0
2704302,Maceió,2010,censo_demografico,Taxa de Alfabetização,Não se aplica,Pessoas de 15 anos ou mais de idade,88.13811002668275
2704302,Maceió,2010,censo_demografico,Taxa de Analfabetismo,Não se aplica,Pessoas de 15 anos ou mais de idade,11.861889973317249
2704302,Maceió,2010,censo_escolar,Escolas,Estadual,Educação Infantil,3.0
2704302,Maceió,2010,censo_escolar,Escolas,Estadual,Educação Profissional,2.0
2704302,Maceió,2010,censo_escolar,Escolas,Estadual,Educação de Jovens e Adultos (EJA),40.0
2704302,Maceió,2010,censo_escolar,Escolas,Estadual,Ensino Fundamental,100.0
2704302,Maceió,2010,censo_escolar,Escolas,Estadual,Ensino Médio,51.0
2704302,Maceió,2010,censo_escolar,Escolas,Federal,Educação Infantil,0.0
2704302,Maceió,2010,censo_escolar,Escolas,Federal,Educação Profissional,2.0
2704302,Maceió,2010,censo_escolar,Escolas,Federal,Educação de Jovens e Adultos (EJA),1.0
2704302,Maceió,2010,censo_escolar,Escolas,Federal,Ensino Fundamental,0.0
2704302,Maceió,2010,censo_escolar,Escolas,Federal,Ensino Médio,1.0
2704302,Maceió,2010,censo_escolar,Escolas,Municipal,Educação Infantil,50.0
2704302,Maceió,2010,censo_escolar,Escolas,Municipal,Educação Profissional,0.0
2704302,Maceió,2010,censo_escolar,Escolas,Municipal,Educação de Jovens e Adultos (EJA),47.0
2704302,Maceió,2010,censo_escolar,Escolas,Municipal,Ensino Fundamental,94.0
2704302,Maceió,2010,censo_escolar,Escolas,Municipal,Ensino Médio,0.0
2704302,Maceió,2010,censo_escolar,Escolas,Privada,Educação Infantil,197.0
2704302,Maceió,2010,censo_escolar,Escolas,Privada,Educação Profissional,6.0
2704302,Maceió,2010,censo_escolar,Escolas,Privada,Educação de Jovens e Adultos (EJA),21.0
2704302,Maceió,2010,censo_escolar,Escolas,Privada,Ensino Fundamental,216.0
2704302,Maceió,2010,censo_escolar,Escolas,Privada,Ensino Médio,70.0
2704302,Maceió,2010,censo_escolar,Escolas,Pública,Educação Infantil,53.0
2704302,Maceió,2010,censo_escolar,Escolas,Pública,Educação Profissional,4.0
2704302,Maceió,2010,censo_escolar,Escolas,Pública,Educação de Jovens e Adultos (EJA),88.0
2704302,Maceió,2010,censo_escolar,Escolas,Pública,Ensino Fundamental,194.0
2704302,Maceió,2010,censo_escolar,Escolas,Pública,Ensino Médio,52.0
2704302,Maceió,2010,censo_escolar,Escolas,Total,Educação Infantil,250.0
2704302,Maceió,2010,censo_escolar,Escolas,Total,Educação Profissional,10.0
2704302,Maceió,2010,censo_escolar,Escolas,Total,Educação de Jovens e Adultos (EJA),109.0
2704302,Maceió,2010,censo_escolar,Escolas,Total,Ensino Fundamental,410.0
2704302,Maceió,2010,censo_escolar,Escolas,Total,Ensino Médio,122.0
2704302,Maceió,2010,censo_escolar,Matrícula,Estadual,Educação Infantil,198.0
2704302,Maceió,2010,censo_escolar,Matrícula,Estadual,Educação Profissional,1609.0
2704302,Maceió,2010,censo_escolar,Matrícula,Estadual,Educação de Jovens e Adultos (EJA),9327.0
2704302,Maceió,2010,censo_escolar,Matrícula,Estadual,Ensino Fundamental,60206.0
2704302,Maceió,2010,censo_escolar,Matrícula,Estadual,Ensino Médio,25527.0
2704302,Maceió,2010,censo_escolar,Matrícula,Federal,Educação Infantil,0.0
2704302,Maceió,2010,censo_escolar,Matrícula,Federal,Educação Profissional,1811.0
2704302,Maceió,2010,censo_escolar,Matrícula,Federal,Educação de Jovens e Adultos (EJA),41.0
2704302,Maceió,2010,censo_escolar,Matrícula,Federal,Ensino Fundamental,0.0
2704302,Maceió,2010,censo_escolar,Matrícula,Federal,Ensino Médio,1497.0
2704302,Maceió,2010,censo_escolar,Matrícula,Municipal,Educação Infantil,6540.0
2704302,Maceió,2010,censo_escolar,Matrícula,Municipal,Educação Profissional,0.0
2704302,Maceió,2010,censo_escolar,Matrícula,Municipal,Educação de Jovens e Adultos (EJA),6130.0
2704302,Maceió,2010,censo_escolar,Matrícula,Municipal,Ensino Fundamental,46929.0
2704302,Maceió,2010,censo_escolar,Matrícula,Municipal,Ensino Médio,0.0
2704302,Maceió,2010,censo_escolar,Matrícula,Privada,Educação Infantil,11641.0
2704302,Maceió,2010,censo_escolar,Matrícula,Privada,Educação Profissional,1645.0
2704302,Maceió,2010,censo_escolar,Matrícula,Privada,Educação de Jovens e Adultos (EJA),2035.0
2704302,Maceió,2010,censo_escolar,Matrícula,Privada,Ensino Fundamental,41764.0
2704302,Maceió,2010,censo_escolar,Matrícula,Privada,Ensino Médio,11430.0
2704302,Maceió,2010,censo_escolar,Matrícula,Pública,Educação Infantil,6738.0
2704302,Maceió,2010,censo_escolar,Matrícula,Pública,Educação Profissional,3420.0
2704302,Maceió,2010,censo_escolar,Matrícula,Pública,Educação de Jovens e Adultos (EJA),15498.0
2704302,Maceió,2010,censo_escolar,Matrícula,Pública,Ensino Fundamental,107135.0
2704302,Maceió,2010,censo_escolar,Matrícula,Pública,Ensino Médio,27024.0
2704302,Maceió,2010,censo_escolar,Matrícula,Total,Educação Infantil,18379.0
2704302,Maceió,2010,censo_escolar,Matrícula,Total,Educação Profissional,5065.0
2704302,Maceió,2010,censo_escolar,Matrícula,Total,Educação de Jovens e Adultos (EJA),17533.0
2704302,Maceió,2010,censo_escolar,Matrícula,Total,Ensino Fundamental,148899.0
2704302,Maceió,2010,censo_escolar,Matrícula,Total,Ensino Médio,38454.0
2704302,Maceió,2010,indicadores_rendimento,Taxa de Abandono,Estadual,Ensino Fundamental,8.5
2704302,Maceió,2010,indicadores_rendimento,Taxa de Abandono,Estadual,Ensino Médio,28.9
2704302,Maceió,2010,indicadores_rendimento,Taxa de Abandono,Federal,Ensino Fundamental,0.0
2704302,Maceió,2010,indicadores_rendimento,Taxa de Abandono,Federal,Ensino Médio,0.4
2704302,Maceió,2010,indicadores_rendimento,Taxa de Abandono,Municipal,Ensino Fundamental,5.4
2704302,Maceió,2010,indicadores_rendimento,Taxa de Abandono,Municipal,Ensino Médio,0.0
2704302,Maceió,2010,indicadores_rendimento,Taxa de Abandono,Privada,Ensino Fundamental,1.0
2704302,Maceió,2010,indicadores_rendimento,Taxa de Abandono,Privada,Ensino Médio,1.1
2704302,Maceió,2010,indicadores_rendimento,Taxa de Abandono,Pública,Ensino Fundamental,6.1
2704302,Maceió,2010,indicadores_rendimento,Taxa de Abandono,Pública,Ensino Médio,27.6
2704302,Maceió,2010,indicadores_rendimento,Taxa de Abandono,Total,Ensino Fundamental,4.3
2704302,Maceió,2010,indicadores_rendimento,Taxa de Abandono,Total,Ensino Médio,20.4
2704302,Maceió,2010,indicadores_rendimento,Taxa de Aprovação,Estadual,Ensino Fundamental,85.2
2704302,Maceió,2010,indicadores_rendimento,Taxa de Aprovação,Estadual,Ensino Médio,59.5
2704302,Maceió,2010,indicadores_rendimento,Taxa de Aprovação,Federal,Ensino Fundamental,0.0
2704302,Maceió,2010,indicadores_rendimento,Taxa de Aprovação,Federal,Ensino Médio,68.0
2704302,Maceió,2010,indicadores_rendimento,Taxa de Aprovação,Municipal,Ensino Fundamental,93.1
2704302,Maceió,2010,indicadores_rendimento,Taxa de Aprovação,Municipal,Ensino Médio,0.0
2704302,Maceió,2010,indicadores_rendimento,Taxa de Aprovação,Privada,Ensino Fundamental,97.9
2704302,Maceió,2010,indicadores_rendimento,Taxa de Aprovação,Privada,Ensino Médio,88.7
2704302,Maceió,2010,indicadores_rendimento,Taxa de Aprovação,Pública,Ensino Fundamental,91.4
2704302,Maceió,2010,indicadores_rendimento,Taxa de Aprovação,Pública,Ensino Médio,59.9
2704302,Maceió,2010,indicadores_rendimento,Taxa de Aprovação,Total,Ensino Fundamental,93.7
2704302,Maceió,2010,indicadores_rendimento,Taxa de Aprovação,Total,Ensino Médio,67.7
2704302,Maceió,2010,indicadores_rendimento,Taxa de Reprovação,Estadual,Ensino Fundamental,6.3
2704302,Maceió,2010,indicadores_rendimento,Taxa de Reprovação,Estadual,Ensino Médio,11.6
2704302,Maceió,2010,indicadores_rendimento,Taxa de Reprovação,Federal,Ensino Fundamental,0.0
2704302,Maceió,2010,indicadores_rendimento,Taxa de Reprovação,Federal,Ensino Médio,31.6
2704302,Maceió,2010,indicadores_rendimento,Taxa de Reprovação,Municipal,Ensino Fundamental,1.5
2704302,Maceió,2010,indicadores_rendimento,Taxa de Reprovação,Municipal,Ensino Médio,0.0
2704302,Maceió,2010,indicadores_rendimento,Taxa de Reprovação,Privada,Ensino Fundamental,1.1
2704302,Maceió,2010,indicadores_rendimento,Taxa de Reprovação,Privada,Ensino Médio,10.2
2704302,Maceió,2010,indicadores_rendimento,Taxa de Reprovação,Pública,Ensino Fundamental,2.5
2704302,Maceió,2010,indicadores_rendimento,Taxa de Reprovação,Pública,Ensino Médio,12.5
2704302,Maceió,2010,indicadores_rendimento,Taxa de Reprovação,Total,Ensino Fundamental,2.0
2704302,Maceió,2010,indicadores_rendimento,Taxa de Reprovação,Total,Ensino Médio,11.9
2704302,Maceió,2019,censo_escolar,Escolas,Estadual,Educação Infantil,0.0
2704302,Maceió,2019,censo_escolar,Escolas,Estadual,Educação Profissional,3.0
2704302,Maceió,2019,censo_escolar,Escolas,Estadual,Educação de Jovens e Adultos (EJA),49.0
2704302,Maceió,2019,censo_escolar,Escolas,Estadual,Ensino Fundamental,90.0
2704302,Maceió,2019,censo_escolar,Escolas,Estadual,Ensino Médio,50.0
2704302,Maceió,2019,censo_escolar,Escolas,Federal,Educação Infantil,0.0
2704302,Maceió,2019,censo_escolar,Escolas,Federal,Educação Profissional,3.0
2704302,Maceió,2019,censo_escolar,Escolas,Federal,Educação de Jovens e Adultos (EJA),1.0
2704302,Maceió,2019,censo_escolar,Escolas,Federal,Ensino Fundamental,0.0
2704302,Maceió,2019,censo_escolar,Escolas,Federal,Ensino Médio,1.0
2704302,Maceió,2019,censo_escolar,Escolas,Municipal,Educação Infantil,65.0
2704302,Maceió,2019,censo_escolar,Escolas,Municipal,Educação Profissional,0.0
2704302,Maceió,2019,censo_escolar,Escolas,Municipal,Educação de Jovens e Adultos (EJA),46.0
2704302,Maceió,2019,censo_escolar,Escolas,Municipal,Ensino Fundamental,90.0
2704302,Maceió,2019,censo_escolar,Escolas,Municipal,Ensino Médio,0.0
2704302,Maceió,2019,censo_escolar,Escolas,Privada,Educação Infantil,248.0
2704302,Maceió,2019,censo_escolar,Escolas,Privada,Educação Profissional,11.0
2704302,Maceió,2019,censo_escolar,Escolas,Privada,Educação de Jovens e Adultos (EJA),7.0
2704302,Maceió,2019,censo_escolar,Escolas,Privada,Ensino Fundamental,282.0
2704302,Maceió,2019,censo_escolar,Escolas,Privada,Ensino Médio,92.0
2704302,Maceió,2019,censo_escolar,Escolas,Pública,Educação Infantil,65.0
2704302,Maceió,2019,censo_escolar,Escolas,Pública,Educação Profissional,6.0
2704302,Maceió,2019,censo_escolar,Escolas,Pública,Educação de Jovens e Adultos (EJA),96.0
2704302,Maceió,2019,censo_escolar,Escolas,Pública,Ensino Fundamental,180.0
2704302,Maceió,2019,censo_escolar,Escolas,Pública,Ensino Médio,51.0
2704302,Maceió,2019,censo_escolar,Escolas,Total,Educação Infantil,313.0
2704302,Maceió,2019,censo_escolar,Escolas,Total,Educação Profissional,17.0
2704302,Maceió,2019,censo_escolar,Escolas,Total,Educação de Jovens e Adultos (EJA),103.0
2704302,Maceió,2019,censo_escolar,Escolas,Total,Ensino Fundamental,462.0
2704302,Maceió,2019,censo_escolar,Escolas,Total,Ensino Médio,143.0
2704302,Maceió,2019,censo_escolar,Matrícula,Estadual,Educação Infantil,0.0
2704302,Maceió,2019,censo_escolar,Matrícula,Estadual,Educação Profissional,1000.0
2704302,Maceió,2019,censo_escolar,Matrícula,Estadual,Educação de Jovens e Adultos (EJA),13374.0
2704302,Maceió,2019,censo_escolar,Matrícula,Estadual,Ensino Fundamental,34231.0
2704302,Maceió,2019,censo_escolar,Matrícula,Estadual,Ensino Médio,18881.0
2704302,Maceió,2019,censo_escolar,Matrícula,Federal,Educação Infantil,0.0
2704302,Maceió,2019,censo_escolar,Matrícula,Federal,Educação Profissional,3335.0
2704302,Maceió,2019,censo_escolar,Matrícula,Federal,Educação de Jovens e Adultos (EJA),21.0
2704302,Maceió,2019,censo_escolar,Matrícula,Federal,Ensino Fundamental,0.0
2704302,Maceió,2019,censo_escolar,Matrícula,Federal,Ensino Médio,2372.0
2704302,Maceió,2019,censo_escolar,Matrícula,Municipal,Educação Infantil,9155.0
2704302,Maceió,2019,censo_escolar,Matrícula,Municipal,Educação Profissional,0.0
2704302,Maceió,2019,censo_escolar,Matrícula,Municipal,Educação de Jovens e Adultos (EJA),7194.0
2704302,Maceió,2019,censo_escolar,Matrícula,Municipal,Ensino Fundamental,32995.0
2704302,Maceió,2019,censo_escolar,Matrícula,Municipal,Ensino Médio,0.0
2704302,Maceió,2019,censo_escolar,Matrícula,Privada,Educação Infantil,15542.0
2704302,Maceió,2019,censo_escolar,Matrícula,Privada,Educação Profissional,15473.0
2704302,Maceió,2019,censo_escolar,Matrícula,Privada,Educação de Jovens e Adultos (EJA),1045.0
2704302,Maceió,2019,censo_escolar,Matrícula,Privada,Ensino Fundamental,48314.0
2704302,Maceió,2019,censo_escolar,Matrícula,Privada,Ensino Médio,10779.0
2704302,Maceió,2019,censo_escolar,Matrícula,Pública,Educação Infantil,9155.0
2704302,Maceió,2019,censo_escolar,Matrícula,Pública,Educação Profissional,4335.0
2704302,Maceió,2019,censo_escolar,Matrícula,Pública,Educação de Jovens e Adultos (EJA),20589.0
2704302,Maceió,2019,censo_escolar,Matrícula,Pública,Ensino Fundamental,67226.0
2704302,Maceió,2019,censo_escolar,Matrícula,Pública,Ensino Médio,21253.0
2704302,Maceió,2019,censo_escolar,Matrícula,Total,Educação Infantil,24697.0
2704302,Maceió,2019,censo_escolar,Matrícula,Total,Educação Profissional,19808.0
2704302,Maceió,2019,censo_escolar,Matrícula,Total,Educação de Jovens e Adultos (EJA),21634.0
2704302,Maceió,2019,censo_escolar,Matrícula,Total,Ensino Fundamental,115540.0
2704302,Maceió,2019,censo_escolar,Matrícula,Total,Ensino Médio,32032.0
2704302,Maceió,2019,indicadores_rendimento,Taxa de Abandono,Estadual,Ensino Fundamental,2.9
2704302,Maceió,2019,indicadores_rendimento,Taxa de Abandono,Estadual,Ensino Médio,7.7
2704302,Maceió,2019,indicadores_rendimento,Taxa de Abandono,Federal,Ensino Fundamental,0.0
2704302,Maceió,2019,indicadores_rendimento,Taxa de Abandono,Federal,Ensino Médio,0.2
2704302,Maceió,2019,indicadores_rendimento,Taxa de Abandono,Municipal,Ensino Fundamental,2.1
2704302,Maceió,2019,indicadores_rendimento,Taxa de Abandono,Municipal,Ensino Médio,0.0
2704302,Maceió,2019,indicadores_rendimento,Taxa de Abandono,Privada,Ensino Fundamental,0.4
2704302,Maceió,2019,indicadores_rendimento,Taxa de Abandono,Privada,Ensino Médio,0.6
2704302,Maceió,2019,indicadores_rendimento,Taxa de Abandono,Pública,Ensino Fundamental,2.5
2704302,Maceió,2019,indicadores_rendimento,Taxa de Abandono,Pública,Ensino Médio,6.8
2704302,Maceió,2019,indicadores_rendimento,Taxa de Abandono,Total,Ensino Fundamental,1.6
2704302,Maceió,2019,indicadores_rendimento,Taxa de Abandono,Total,Ensino Médio,4.8
2704302,Maceió,2019,indicadores_rendimento,Taxa de Aprovação,Estadual,Ensino Fundamental,89.5
2704302,Maceió,2019,indicadores_rendimento,Taxa de Aprovação,Estadual,Ensino Médio,82.0
2704302,Maceió,2019,indicadores_rendimento,Taxa de Aprovação,Federal,Ensino Fundamental,0.0
2704302,Maceió,2019,indicadores_rendimento,Taxa de Aprovação,Federal,Ensino Médio,81.8
2704302,Maceió,2019,indicadores_rendimento,Taxa de Aprovação,Municipal,Ensino Fundamental,90.4
2704302,Maceió,2019,indicadores_rendimento,Taxa de Aprovação,Municipal,Ensino Médio,0.0
2704302,Maceió,2019,indicadores_rendimento,Taxa de Aprovação,Privada,Ensino Fundamental,97.6
2704302,Maceió,2019,indicadores_rendimento,Taxa de Aprovação,Privada,Ensino Médio,95.0
2704302,Maceió,2019,indicadores_rendimento,Taxa de Aprovação,Pública,Ensino Fundamental,89.9
2704302,Maceió,2019,indicadores_rendimento,Taxa de Aprovação,Pública,Ensino Médio,82.0
2704302,Maceió,2019,indicadores_rendimento,Taxa de Aprovação,Total,Ensino Fundamental,93.1
2704302,Maceió,2019,indicadores_rendimento,Taxa de Aprovação,Total,Ensino Médio,86.3
2704302,Maceió,2019,indicadores_rendimento,Taxa de Reprovação,Estadual,Ensino Fundamental,7.6
2704302,Maceió,2019,indicadores_rendimento,Taxa de Reprovação,Estadual,Ensino Médio,10.3
2704302,Maceió,2019,indicadores_rendimento,Taxa de Reprovação,Federal,Ensino Fundamental,0.0
2704302,Maceió,2019,indicadores_rendimento,Taxa de Reprovação,Federal,Ensino Médio,18.0
2704302,Maceió,2019,indicadores_rendimento,Taxa de Reprovação,Municipal,Ensino Fundamental,7.5
2704302,Maceió,2019,indicadores_rendimento,Taxa de Reprovação,Municipal,Ensino Médio,0.0
2704302,Maceió,2019,indicadores_rendimento,Taxa de Reprovação,Privada,Ensino Fundamental,2.0
2704302,Maceió,2019,indicadores_rendimento,Taxa de Reprovação,Privada,Ensino Médio,4.4
2704302,Maceió,2019,indicadores_rendimento,Taxa de Reprovação,Pública,Ensino Fundamental,7.6
2704302,Maceió,2019,indicadores_rendimento,Taxa de Reprovação,Pública,Ensino Médio,11.2
2704302,Maceió,2019,indicadores_rendimento,Taxa de Reprovação,Total,Ensino Fundamental,5.3
2704302,Maceió,2019,indicadores_rendimento,Taxa de Reprovação,Total,Ensino Médio,8.9
2704302,Maceió,2021,censo_escolar,Escolas,Estadual,Educação Infantil,0.0
2704302,Maceió,2021,censo_escolar,Escolas,Estadual,Educação Profissional,21.0
2704302,Maceió,2021,censo_escolar,Escolas,Estadual,Educação de Jovens e Adultos (EJA),41.0
2704302,Maceió,2021,censo_escolar,Escolas,Estadual,Ensino Fundamental,85.0
2704302,Maceió,2021,censo_escolar,Escolas,Estadual,Ensino Médio,48.0
2704302,Maceió,2021,censo_escolar,Escolas,Federal,Educação Infantil,0.0
2704302,Maceió,2021,censo_escolar,Escolas,Federal,Educação Profissional,3.0
2704302,Maceió,2021,censo_escolar,Escolas,Federal,Educação de Jovens e Adultos (EJA),1.0
2704302,Maceió,2021,censo_escolar,Escolas,Federal,Ensino Fundamental,0.0
2704302,Maceió,2021,censo_escolar,Escolas,Federal,Ensino Médio,1.0
2704302,Maceió,2021,censo_escolar,Escolas,Municipal,Educação Infantil,71.0
2704302,Maceió,2021,censo_escolar,Escolas,Municipal,Educação Profissional,0.0
2704302,Maceió,2021,censo_escolar,Escolas,Municipal,Educação de Jovens e Adultos (EJA),46.0
2704302,Maceió,2021,censo_escolar,Escolas,Municipal,Ensino Fundamental,90.0
2704302,Maceió,2021,censo_escolar,Escolas,Municipal,Ensino Médio,0.0
2704302,Maceió,2021,censo_escolar,Escolas,Privada,Educação Infantil,202.0
2704302,Maceió,2021,censo_escolar,Escolas,Privada,Educação Profissional,11.0
2704302,Maceió,2021,censo_escolar,Escolas,Privada,Educação de Jovens e Adultos (EJA),5.0
2704302,Maceió,2021,censo_escolar,Escolas,Privada,Ensino Fundamental,261.0
2704302,Maceió,2021,censo_escolar,Escolas,Privada,Ensino Médio,95.0
2704302,Maceió,2021,censo_escolar,Escolas,Pública,Educação Infantil,71.0
2704302,Maceió,2021,censo_escolar,Escolas,Pública,Educação Profissional,24.0
2704302,Maceió,2021,censo_escolar,Escolas,Pública,Educação de Jovens e Adultos (EJA),88.0
2704302,Maceió,2021,censo_escolar,Escolas,Pública,Ensino Fundamental,175.0
2704302,Maceió,2021,censo_escolar,Escolas,Pública,Ensino Médio,49.0
2704302,Maceió,2021,censo_escolar,Escolas,Total,Educação Infantil,273.0
2704302,Maceió,2021,censo_escolar,Escolas,Total,Educação Profissional,35.0
2704302,Maceió,2021,censo_escolar,Escolas,Total,Educação de Jovens e Adultos (EJA),93.0
2704302,Maceió,2021,censo_escolar,Escolas,Total,Ensino Fundamental,436.0
2704302,Maceió,2021,censo_escolar,Escolas,Total,Ensino Médio,144.0
2704302,Maceió,2021,censo_escolar,Matrícula,Estadual,Educação Infantil,0.0
2704302,Maceió,2021,censo_escolar,Matrícula,Estadual,Educação Profissional,2576.0
2704302,Maceió,2021,censo_escolar,Matrícula,Estadual,Educação de Jovens e Adultos (EJA),9009.0
2704302,Maceió,2021,censo_escolar,Matrícula,Estadual,Ensino Fundamental,32504.0
2704302,Maceió,2021,censo_escolar,Matrícula,Estadual,Ensino Médio,20520.0
2704302,Maceió,2021,censo_escolar,Matrícula,Federal,Educação Infantil,0.0
2704302,Maceió,2021,censo_escolar,Matrícula,Federal,Educação Profissional,3003.0
2704302,Maceió,2021,censo_escolar,Matrícula,Federal,Educação de Jovens e Adultos (EJA),17.0
2704302,Maceió,2021,censo_escolar,Matrícula,Federal,Ensino Fundamental,0.0
2704302,Maceió,2021,censo_escolar,Matrícula,Federal,Ensino Médio,2331.0
2704302,Maceió,2021,censo_escolar,Matrícula,Municipal,Educação Infantil,10150.0
2704302,Maceió,2021,censo_escolar,Matrícula,Municipal,Educação Profissional,0.0
2704302,Maceió,2021,censo_escolar,Matrícula,Municipal,Educação de Jovens e Adultos (EJA),6684.0
2704302,Maceió,2021,censo_escolar,Matrícula,Municipal,Ensino Fundamental,34656.0
2704302,Maceió,2021,censo_escolar,Matrícula,Municipal,Ensino Médio,0.0
2704302,Maceió,2021,censo_escolar,Matrícula,Privada,Educação Infantil,9956.0
2704302,Maceió,2021,censo_escolar,Matrícula,Privada,Educação Profissional,7274.0
2704302,Maceió,2021,censo_escolar,Matrícula,Privada,Educação de Jovens e Adultos (EJA),735.0
2704302,Maceió,2021,censo_escolar,Matrícula,Privada,Ensino Fundamental,43984.0
2704302,Maceió,2021,censo_escolar,Matrícula,Privada,Ensino Médio,10426.0
2704302,Maceió,2021,censo_escolar,Matrícula,Pública,Educação Infantil,10150.0
2704302,Maceió,2021,censo_escolar,Matrícula,Pública,Educação Profissional,5579.0
2704302,Maceió,2021,censo_escolar,Matrícula,Pública,Educação de Jovens e Adultos (EJA),15710.0
2704302,Maceió,2021,censo_escolar,Matrícula,Pública,Ensino Fundamental,67160.0
2704302,Maceió,2021,censo_escolar,Matrícula,Pública,Ensino Médio,22851.0
2704302,Maceió,2021,censo_escolar,Matrícula,Total,Educação Infantil,20106.0
2704302,Maceió,2021,censo_escolar,Matrícula,Total,Educação Profissional,12853.0
2704302,Maceió,2021,censo_escolar,Matrícula,Total,Educação de Jovens e Adultos (EJA),16445.0
2704302,Maceió,2021,censo_escolar,Matrícula,Total,Ensino Fundamental,111144.0
2704302,Maceió,2021,censo_escolar,Matrícula,Total,Ensino Médio,33277.0
2704302,Maceió,2021,indicadores_rendimento,Taxa de Abandono,Estadual,Ensino Fundamental,4.4
2704302,Maceió,2021,indicadores_rendimento,Taxa de Abandono,Estadual,Ensino Médio,11.1
2704302,Maceió,2021,indicadores_rendimento,Taxa de Abandono,Federal,Ensino Fundamental,0.0
2704302,Maceió,2021,indicadores_rendimento,Taxa de Abandono,Federal,Ensino Médio,0.0
2704302,Maceió,2021,indicadores_rendimento,Taxa de Abandono,Municipal,Ensino Fundamental,3.0
2704302,Maceió,2021,indicadores_rendimento,Taxa de Abandono,Municipal,Ensino Médio,0.0
2704302,Maceió,2021,indicadores_rendimento,Taxa de Abandono,Privada,Ensino Fundamental,0.5
2704302,Maceió,2021,indicadores_rendimento,Taxa de Abandono,Privada,Ensino Médio,0.4
2704302,Maceió,2021,indicadores_rendimento,Taxa de Abandono,Pública,Ensino Fundamental,3.7
2704302,Maceió,2021,indicadores_rendimento,Taxa de Abandono,Pública,Ensino Médio,11.1
2704302,Maceió,2021,indicadores_rendimento,Taxa de Abandono,Total,Ensino Fundamental,2.5
2704302,Maceió,2021,indicadores_rendimento,Taxa de Abandono,Total,Ensino Médio,7.5
2704302,Maceió,2021,indicadores_rendimento,Taxa de Aprovação,Estadual,Ensino Fundamental,89.6
2704302,Maceió,2021,indicadores_rendimento,Taxa de Aprovação,Estadual,Ensino Médio,82.1
2704302,Maceió,2021,indicadores_rendimento,Taxa de Aprovação,Federal,Ensino Fundamental,0.0
2704302,Maceió,2021,indicadores_rendimento,Taxa de Aprovação,Federal,Ensino Médio,0.0
2704302,Maceió,2021,indicadores_rendimento,Taxa de Aprovação,Municipal,Ensino Fundamental,92.7
2704302,Maceió,2021,indicadores_rendimento,Taxa de Aprovação,Municipal,Ensino Médio,0.0
2704302,Maceió,2021,indicadores_rendimento,Taxa de Aprovação,Privada,Ensino Fundamental,98.7
2704302,Maceió,2021,indicadores_rendimento,Taxa de Aprovação,Privada,Ensino Médio,98.1
2704302,Maceió,2021,indicadores_rendimento,Taxa de Aprovação,Pública,Ensino Fundamental,91.2
2704302,Maceió,2021,indicadores_rendimento,Taxa de Aprovação,Pública,Ensino Médio,82.1
2704302,Maceió,2021,indicadores_rendimento,Taxa de Aprovação,Total,Ensino Fundamental,94.0
2704302,Maceió,2021,indicadores_rendimento,Taxa de Aprovação,Total,Ensino Médio,87.5
2704302,Maceió,2021,indicadores_rendimento,Taxa de Reprovação,Estadual,Ensino Fundamental,6.0
2704302,Maceió,2021,indicadores_rendimento,Taxa de Reprovação,Estadual,Ensino Médio,6.8
2704302,Maceió,2021,indicadores_rendimento,Taxa de Reprovação,Federal,Ensino Fundamental,0.0
2704302,Maceió,2021,indicadores_rendimento,Taxa de Reprovação,Federal,Ensino Médio,0.0
2704302,Maceió,2021,indicadores_rendimento,Taxa de Reprovação,Municipal,Ensino Fundamental,4.3
2704302,Maceió,2021,indicadores_rendimento,Taxa de Reprovação,Municipal,Ensino Médio,0.0
2704302,Maceió,2021,indicadores_rendimento,Taxa de Reprovação,Privada,Ensino Fundamental,0.8
2704302,Maceió,2021,indicadores_rendimento,Taxa de Reprovação,Privada,Ensino Médio,1.5
2704302,Maceió,2021,indicadores_rendimento,Taxa de Reprovação,Pública,Ensino Fundamental,5.1
2704302,Maceió,2021,indicadores_rendimento,Taxa de Reprovação,Pública,Ensino Médio,6.8
2704302,Maceió,2021,indicadores_rendimento,Taxa de Reprovação,Total,Ensino Fundamental,3.5
2704302,Maceió,2021,indicadores_rendimento,Taxa de Reprovação,Total,Ensino Médio,5.0
2704302,Maceió,2022,censo_demografico,Pessoas Alfabetizadas,Não se aplica,Pessoas de 15 anos ou mais de idade,700070.0
2704302,Maceió,2022,censo_demografico,Pessoas Total,Não se aplica,Pessoas de 15 anos ou mais de idade,764453.0
2704302,Maceió,2022,censo_demografico,Taxa de Alfabetização,Não se aplica,Pessoas de 15 anos ou mais de idade,91.57789949153184
2704302,Maceió,2022,censo_demografico,Taxa de Analfabetismo,Não se aplica,Pessoas de 15 anos ou mais de idade,8.422100508468148
2704302,Maceió,2023,censo_escolar,Escolas,Estadual,Educação Infantil,0.0
2704302,Maceió,2023,censo_escolar,Escolas,Estadual,Educação Profissional,20.0
2704302,Maceió,2023,censo_escolar,Escolas,Estadual,Educação de Jovens e Adultos (EJA),38.0
2704302,Maceió,2023,censo_escolar,Escolas,Estadual,Ensino Fundamental,84.0
2704302,Maceió,2023,censo_escolar,Escolas,Estadual,Ensino Médio,49.0
2704302,Maceió,2023,censo_escolar,Escolas,Federal,Educação Infantil,0.0
2704302,Maceió,2023,censo_escolar,Escolas,Federal,Educação Profissional,3.0
2704302,Maceió,2023,censo_escolar,Escolas,Federal,Educação de Jovens e Adultos (EJA),1.0
2704302,Maceió,2023,censo_escolar,Escolas,Federal,Ensino Fundamental,0.0
2704302,Maceió,2023,censo_escolar,Escolas,Federal,Ensino Médio,2.0
2704302,Maceió,2023,censo_escolar,Escolas,Municipal,Educação Infantil,73.0
2704302,Maceió,2023,censo_escolar,Escolas,Municipal,Educação Profissional,30.0
2704302,Maceió,2023,censo_escolar,Escolas,Municipal,Educação de Jovens e Adultos (EJA),44.0
2704302,Maceió,2023,censo_escolar,Escolas,Municipal,Ensino Fundamental,91.0
2704302,Maceió,2023,censo_escolar,Escolas,Municipal,Ensino Médio,0.0
2704302,Maceió,2023,censo_escolar,Escolas,Privada,Educação Infantil,198.0
2704302,Maceió,2023,censo_escolar,Escolas,Privada,Educação Profissional,12.0
2704302,Maceió,2023,censo_escolar,Escolas,Privada,Educação de Jovens e Adultos (EJA),4.0
2704302,Maceió,2023,censo_escolar,Escolas,Privada,Ensino Fundamental,238.0
2704302,Maceió,2023,censo_escolar,Escolas,Privada,Ensino Médio,79.0
2704302,Maceió,2023,censo_escolar,Escolas,Pública,Educação Infantil,73.0
2704302,Maceió,2023,censo_escolar,Escolas,Pública,Educação Profissional,53.0
2704302,Maceió,2023,censo_escolar,Escolas,Pública,Educação de Jovens e Adultos (EJA),83.0
2704302,Maceió,2023,censo_escolar,Escolas,Pública,Ensino Fundamental,175.0
2704302,Maceió,2023,censo_escolar,Escolas,Pública,Ensino Médio,51.0
2704302,Maceió,2023,censo_escolar,Escolas,Total,Educação Infantil,271.0
2704302,Maceió,2023,censo_escolar,Escolas,Total,Educação Profissional,65.0
2704302,Maceió,2023,censo_escolar,Escolas,Total,Educação de Jovens e Adultos (EJA),87.0
2704302,Maceió,2023,censo_escolar,Escolas,Total,Ensino Fundamental,413.0
2704302,Maceió,2023,censo_escolar,Escolas,Total,Ensino Médio,130.0
2704302,Maceió,2023,censo_escolar,Matrícula,Estadual,Educação Infantil,0.0
2704302,Maceió,2023,censo_escolar,Matrícula,Estadual,Educação Profissional,4433.0
2704302,Maceió,2023,censo_escolar,Matrícula,Estadual,Educação de Jovens e Adultos (EJA),8244.0
2704302,Maceió,2023,censo_escolar,Matrícula,Estadual,Ensino Fundamental,29270.0
2704302,Maceió,2023,censo_escolar,Matrícula,Estadual,Ensino Médio,19008.0
2704302,Maceió,2023,censo_escolar,Matrícula,Federal,Educação Infantil,0.0
2704302,Maceió,2023,censo_escolar,Matrícula,Federal,Educação Profissional,2511.0
2704302,Maceió,2023,censo_escolar,Matrícula,Federal,Educação de Jovens e Adultos (EJA),23.0
2704302,Maceió,2023,censo_escolar,Matrícula,Federal,Ensino Fundamental,0.0
2704302,Maceió,2023,censo_escolar,Matrícula,Federal,Ensino Médio,1985.0
2704302,Maceió,2023,censo_escolar,Matrícula,Municipal,Educação Infantil,11236.0
2704302,Maceió,2023,censo_escolar,Matrícula,Municipal,Educação Profissional,2713.0
2704302,Maceió,2023,censo_escolar,Matrícula,Municipal,Educação de Jovens e Adultos (EJA),5467.0
2704302,Maceió,2023,censo_escolar,Matrícula,Municipal,Ensino Fundamental,37245.0
2704302,Maceió,2023,censo_escolar,Matrícula,Municipal,Ensino Médio,0.0
2704302,Maceió,2023,censo_escolar,Matrícula,Privada,Educação Infantil,13535.0
2704302,Maceió,2023,censo_escolar,Matrícula,Privada,Educação Profissional,7394.0
2704302,Maceió,2023,censo_escolar,Matrícula,Privada,Educação de Jovens e Adultos (EJA),718.0
2704302,Maceió,2023,censo_escolar,Matrícula,Privada,Ensino Fundamental,42511.0
2704302,Maceió,2023,censo_escolar,Matrícula,Privada,Ensino Médio,10146.0
2704302,Maceió,2023,censo_escolar,Matrícula,Pública,Educação Infantil,11236.0
2704302,Maceió,2023,censo_escolar,Matrícula,Pública,Educação Profissional,9657.0
2704302,Maceió,2023,censo_escolar,Matrícula,Pública,Educação de Jovens e Adultos (EJA),13734.0
2704302,Maceió,2023,censo_escolar,Matrícula,Pública,Ensino Fundamental,66515.0
2704302,Maceió,2023,censo_escolar,Matrícula,Pública,Ensino Médio,20993.0
2704302,Maceió,2023,censo_escolar,Matrícula,Total,Educação Infantil,24771.0
2704302,Maceió,2023,censo_escolar,Matrícula,Total,Educação Profissional,17051.0
2704302,Maceió,2023,censo_escolar,Matrícula,Total,Educação de Jovens e Adultos (EJA),14452.0
2704302,Maceió,2023,censo_escolar,Matrícula,Total,Ensino Fundamental,109026.0
2704302,Maceió,2023,censo_escolar,Matrícula,Total,Ensino Médio,31139.0
2704302,Maceió,2023,indicadores_rendimento,Taxa de Abandono,Estadual,Ensino Fundamental,1.9
2704302,Maceió,2023,indicadores_rendimento,Taxa de Abandono,Estadual,Ensino Médio,4.2
2704302,Maceió,2023,indicadores_rendimento,Taxa de Abandono,Federal,Ensino Fundamental,0.0
2704302,Maceió,2023,indicadores_rendimento,Taxa de Abandono,Federal,Ensino Médio,1.3
2704302,Maceió,2023,indicadores_rendimento,Taxa de Abandono,Municipal,Ensino Fundamental,1.8
2704302,Maceió,2023,indicadores_rendimento,Taxa de Abandono,Municipal,Ensino Médio,0.0
2704302,Maceió,2023,indicadores_rendimento,Taxa de Abandono,Privada,Ensino Fundamental,0.2
2704302,Maceió,2023,indicadores_rendimento,Taxa de Abandono,Privada,Ensino Médio,0.3
2704302,Maceió,2023,indicadores_rendimento,Taxa de Abandono,Pública,Ensino Fundamental,1.9
2704302,Maceió,2023,indicadores_rendimento,Taxa de Abandono,Pública,Ensino Médio,3.9
2704302,Maceió,2023,indicadores_rendimento,Taxa de Abandono,Total,Ensino Fundamental,1.3
2704302,Maceió,2023,indicadores_rendimento,Taxa de Abandono,Total,Ensino Médio,2.8
2704302,Maceió,2023,indicadores_rendimento,Taxa de Aprovação,Estadual,Ensino Fundamental,93.3
2704302,Maceió,2023,indicadores_rendimento,Taxa de Aprovação,Estadual,Ensino Médio,91.4
2704302,Maceió,2023,indicadores_rendimento,Taxa de Aprovação,Federal,Ensino Fundamental,0.0
2704302,Maceió,2023,indicadores_rendimento,Taxa de Aprovação,Federal,Ensino Médio,97.4
2704302,Maceió,2023,indicadores_rendimento,Taxa de Aprovação,Municipal,Ensino Fundamental,93.0
2704302,Maceió,2023,indicadores_rendimento,Taxa de Aprovação,Municipal,Ensino Médio,0.0
2704302,Maceió,2023,indicadores_rendimento,Taxa de Aprovação,Privada,Ensino Fundamental,98.6
2704302,Maceió,2023,indicadores_rendimento,Taxa de Aprovação,Privada,Ensino Médio,96.7
2704302,Maceió,2023,indicadores_rendimento,Taxa de Aprovação,Pública,Ensino Fundamental,93.1
2704302,Maceió,2023,indicadores_rendimento,Taxa de Aprovação,Pública,Ensino Médio,92.0
2704302,Maceió,2023,indicadores_rendimento,Taxa de Aprovação,Total,Ensino Fundamental,95.0
2704302,Maceió,2023,indicadores_rendimento,Taxa de Aprovação,Total,Ensino Médio,93.4
2704302,Maceió,2023,indicadores_rendimento,Taxa de Reprovação,Estadual,Ensino Fundamental,4.8
2704302,Maceió,2023,indicadores_rendimento,Taxa de Reprovação,Estadual,Ensino Médio,4.4
2704302,Maceió,2023,indicadores_rendimento,Taxa de Reprovação,Federal,Ensino Fundamental,0.0
2704302,Maceió,2023,indicadores_rendimento,Taxa de Reprovação,Federal,Ensino Médio,1.3
2704302,Maceió,2023,indicadores_rendimento,Taxa de Reprovação,Municipal,Ensino Fundamental,5.2
2704302,Maceió,2023,indicadores_rendimento,Taxa de Reprovação,Municipal,Ensino Médio,0.0
2704302,Maceió,2023,indicadores_rendimento,Taxa de Reprovação,Privada,Ensino Fundamental,1.2
2704302,Maceió,2023,indicadores_rendimento,Taxa de Reprovação,Privada,Ensino Médio,3.0
2704302,Maceió,2023,indicadores_rendimento,Taxa de Reprovação,Pública,Ensino Fundamental,5.0
2704302,Maceió,2023,indicadores_rendimento,Taxa de Reprovação,Pública,Ensino Médio,4.1
2704302,Maceió,2023,indicadores_rendimento,Taxa de Reprovação,Total,Ensino Fundamental,3.7
2704302,Maceió,2023,indicadores_rendimento,Taxa de Reprovação,Total,Ensino Médio,3.8
2704708,Marechal Deodoro,2010,censo_demografico,Pessoas Alfabetizadas,Não se aplica,Pessoas de 15 anos ou mais de idade,25253.0
2704708,Marechal Deodoro,2010,censo_demografico,Pessoas Total,Não se aplica,Pessoas de 15 anos ou mais de idade,32336.0
2704708,Marechal Deodoro,2010,censo_demografico,Taxa de Alfabetização,Não se aplica,Pessoas de 15 anos ou mais de idade,78.095620979713
2704708,Marechal Deodoro,2010,censo_demografico,Taxa de Analfabetismo,Não se aplica,Pessoas de 15 anos ou mais de idade,21.904379020287
2704708,Marechal Deodoro,2010,censo_escolar,Escolas,Estadual,Educação Infantil,0.0
2704708,Marechal Deodoro,2010,censo_escolar,Escolas,Estadual,Educação Profissional,0.0
2704708,Marechal Deodoro,2010,censo_escolar,Escolas,Estadual,Educação de Jovens e Adultos (EJA),0.0
2704708,Marechal Deodoro,2010,censo_escolar,Escolas,Estadual,Ensino Fundamental,0.0
2704708,Marechal Deodoro,2010,censo_escolar,Escolas,Estadual,Ensino Médio,2.0
2704708,Marechal Deodoro,2010,censo_escolar,Escolas,Federal,Educação Infantil,0.0
2704708,Marechal Deodoro,2010,censo_escolar,Escolas,Federal,Educação Profissional,1.0
2704708,Marechal Deodoro,2010,censo_escolar,Escolas,Federal,Educação de Jovens e Adultos (EJA),1.0
2704708,Marechal Deodoro,2010,censo_escolar,Escolas,Federal,Ensino Fundamental,0.0
2704708,Marechal Deodoro,2010,censo_escolar,Escolas,Federal,Ensino Médio,1.0
2704708,Marechal Deodoro,2010,censo_escolar,Escolas,Municipal,Educação Infantil,20.0
2704708,Marechal Deodoro,2010,censo_escolar,Escolas,Municipal,Educação Profissional,0.0
2704708,Marechal Deodoro,2010,censo_escolar,Escolas,Municipal,Educação de Jovens e Adultos (EJA),10.0
2704708,Marechal Deodoro,2010,censo_escolar,Escolas,Municipal,Ensino Fundamental,20.0
2704708,Marechal Deodoro,2010,censo_escolar,Escolas,Municipal,Ensino Médio,0.0
2704708,Marechal Deodoro,2010,censo_escolar,Escolas,Privada,Educação Infantil,13.0
2704708,Marechal Deodoro,2010,censo_escolar,Escolas,Privada,Educação Profissional,0.0
2704708,Marechal Deodoro,2010,censo_escolar,Escolas,Privada,Educação de Jovens e Adultos (EJA),0.0
2704708,Marechal Deodoro,2010,censo_escolar,Escolas,Privada,Ensino Fundamental,4.0
2704708,Marechal Deodoro,2010,censo_escolar,Escolas,Privada,Ensino Médio,0.0
2704708,Marechal Deodoro,2010,censo_escolar,Escolas,Pública,Educação Infantil,20.0
2704708,Marechal Deodoro,2010,censo_escolar,Escolas,Pública,Educação Profissional,1.0
2704708,Marechal Deodoro,2010,censo_escolar,Escolas,Pública,Educação de Jovens e Adultos (EJA),11.0
2704708,Marechal Deodoro,2010,censo_escolar,Escolas,Pública,Ensino Fundamental,20.0
2704708,Marechal Deodoro,2010,censo_escolar,Escolas,Pública,Ensino Médio,3.0
2704708,Marechal Deodoro,2010,censo_escolar,Escolas,Total,Educação Infantil,33.0
2704708,Marechal Deodoro,2010,censo_escolar,Escolas,Total,Educação Profissional,1.0
2704708,Marechal Deodoro,2010,censo_escolar,Escolas,Total,Educação de Jovens e Adultos (EJA),11.0
2704708,Marechal Deodoro,2010,censo_escolar,Escolas,Total,Ensino Fundamental,24.0
2704708,Marechal Deodoro,2010,censo_escolar,Escolas,Total,Ensino Médio,3.0
2704708,Marechal Deodoro,2010,censo_escolar,Matrícula,Estadual,Educação Infantil,0.0
2704708,Marechal Deodoro,2010,censo_escolar,Matrícula,Estadual,Educação Profissional,0.0
2704708,Marechal Deodoro,2010,censo_escolar,Matrícula,Estadual,Educação de Jovens e Adultos (EJA),0.0
2704708,Marechal Deodoro,2010,censo_escolar,Matrícula,Estadual,Ensino Fundamental,0.0
2704708,Marechal Deodoro,2010,censo_escolar,Matrícula,Estadual,Ensino Médio,1370.0
2704708,Marechal Deodoro,2010,censo_escolar,Matrícula,Federal,Educação Infantil,0.0
2704708,Marechal Deodoro,2010,censo_escolar,Matrícula,Federal,Educação Profissional,654.0
2704708,Marechal Deodoro,2010,censo_escolar,Matrícula,Federal,Educação de Jovens e Adultos (EJA),159.0
2704708,Marechal Deodoro,2010,censo_escolar,Matrícula,Federal,Ensino Fundamental,0.0
2704708,Marechal Deodoro,2010,censo_escolar,Matrícula,Federal,Ensino Médio,495.0
2704708,Marechal Deodoro,2010,censo_escolar,Matrícula,Municipal,Educação Infantil,938.0
2704708,Marechal Deodoro,2010,censo_escolar,Matrícula,Municipal,Educação Profissional,0.0
2704708,Marechal Deodoro,2010,censo_escolar,Matrícula,Municipal,Educação de Jovens e Adultos (EJA),676.0
2704708,Marechal Deodoro,2010,censo_escolar,Matrícula,Municipal,Ensino Fundamental,9362.0
2704708,Marechal Deodoro,2010,censo_escolar,Matrícula,Municipal,Ensino Médio,0.0
2704708,Marechal Deodoro,2010,censo_escolar,Matrícula,Privada,Educação Infantil,377.0
2704708,Marechal Deodoro,2010,censo_escolar,Matrícula,Privada,Educação Profissional,0.0
2704708,Marechal Deodoro,2010,censo_escolar,Matrícula,Privada,Educação de Jovens e Adultos (EJA),0.0
2704708,Marechal Deodoro,2010,censo_escolar,Matrícula,Privada,Ensino Fundamental,210.0
2704708,Marechal Deodoro,2010,censo_escolar,Matrícula,Privada,Ensino Médio,0.0
2704708,Marechal Deodoro,2010,censo_escolar,Matrícula,Pública,Educação Infantil,938.0
2704708,Marechal Deodoro,2010,censo_escolar,Matrícula,Pública,Educação Profissional,654.0
2704708,Marechal Deodoro,2010,censo_escolar,Matrícula,Pública,Educação de Jovens e Adultos (EJA),835.0
2704708,Marechal Deodoro,2010,censo_escolar,Matrícula,Pública,Ensino Fundamental,9362.0
2704708,Marechal Deodoro,2010,censo_escolar,Matrícula,Pública,Ensino Médio,1865.0
2704708,Marechal Deodoro,2010,censo_escolar,Matrícula,Total,Educação Infantil,1315.0
2704708,Marechal Deodoro,2010,censo_escolar,Matrícula,Total,Educação Profissional,654.0
2704708,Marechal Deodoro,2010,censo_escolar,Matrícula,Total,Educação de Jovens e Adultos (EJA),835.0
2704708,Marechal Deodoro,2010,censo_escolar,Matrícula,Total,Ensino Fundamental,9572.0
2704708,Marechal Deodoro,2010,censo_escolar,Matrícula,Total,Ensino Médio,1865.0
2704708,Marechal Deodoro,2010,indicadores_rendimento,Taxa de Abandono,Estadual,Ensino Fundamental,0.0
2704708,Marechal Deodoro,2010,indicadores_rendimento,Taxa de Abandono,Estadual,Ensino Médio,35.8
2704708,Marechal Deodoro,2010,indicadores_rendimento,Taxa de Abandono,Federal,Ensino Fundamental,0.0
2704708,Marechal Deodoro,2010,indicadores_rendimento,Taxa de Abandono,Federal,Ensino Médio,0.5
2704708,Marechal Deodoro,2010,indicadores_rendimento,Taxa de Abandono,Municipal,Ensino Fundamental,9.0
2704708,Marechal Deodoro,2010,indicadores_rendimento,Taxa de Abandono,Municipal,Ensino Médio,0.0
2704708,Marechal Deodoro,2010,indicadores_rendimento,Taxa de Abandono,Privada,Ensino Fundamental,0.0
2704708,Marechal Deodoro,2010,indicadores_rendimento,Taxa de Abandono,Privada,Ensino Médio,0.0
2704708,Marechal Deodoro,2010,indicadores_rendimento,Taxa de Abandono,Pública,Ensino Fundamental,9.0
2704708,Marechal Deodoro,2010,indicadores_rendimento,Taxa de Abandono,Pública,Ensino Médio,27.9
2704708,Marechal Deodoro,2010,indicadores_rendimento,Taxa de Abandono,Total,Ensino Fundamental,8.9
2704708,Marechal Deodoro,2010,indicadores_rendimento,Taxa de Abandono,Total,Ensino Médio,27.9
2704708,Marechal Deodoro,2010,indicadores_rendimento,Taxa de Aprovação,Estadual,Ensino Fundamental,0.0
2704708,Marechal Deodoro,2010,indicadores_rendimento,Taxa de Aprovação,Estadual,Ensino Médio,55.8
2704708,Marechal Deodoro,2010,indicadores_rendimento,Taxa de Aprovação,Federal,Ensino Fundamental,0.0
2704708,Marechal Deodoro,2010,indicadores_rendimento,Taxa de Aprovação,Federal,Ensino Médio,59.7
2704708,Marechal Deodoro,2010,indicadores_rendimento,Taxa de Aprovação,Municipal,Ensino Fundamental,89.8
2704708,Marechal Deodoro,2010,indicadores_rendimento,Taxa de Aprovação,Municipal,Ensino Médio,0.0
2704708,Marechal Deodoro,2010,indicadores_rendimento,Taxa de Aprovação,Privada,Ensino Fundamental,100.0
2704708,Marechal Deodoro,2010,indicadores_rendimento,Taxa de Aprovação,Privada,Ensino Médio,0.0
2704708,Marechal Deodoro,2010,indicadores_rendimento,Taxa de Aprovação,Pública,Ensino Fundamental,89.8
2704708,Marechal Deodoro,2010,indicadores_rendimento,Taxa de Aprovação,Pública,Ensino Médio,56.7
2704708,Marechal Deodoro,2010,indicadores_rendimento,Taxa de Aprovação,Total,Ensino Fundamental,89.9
2704708,Marechal Deodoro,2010,indicadores_rendimento,Taxa de Aprovação,Total,Ensino Médio,56.7
2704708,Marechal Deodoro,2010,indicadores_rendimento,Taxa de Reprovação,Estadual,Ensino Fundamental,0.0
2704708,Marechal Deodoro,2010,indicadores_rendimento,Taxa de Reprovação,Estadual,Ensino Médio,8.4
2704708,Marechal Deodoro,2010,indicadores_rendimento,Taxa de Reprovação,Federal,Ensino Fundamental,0.0
2704708,Marechal Deodoro,2010,indicadores_rendimento,Taxa de Reprovação,Federal,Ensino Médio,39.8
2704708,Marechal Deodoro,2010,indicadores_rendimento,Taxa de Reprovação,Municipal,Ensino Fundamental,1.2
2704708,Marechal Deodoro,2010,indicadores_rendimento,Taxa de Reprovação,Municipal,Ensino Médio,0.0
2704708,Marechal Deodoro,2010,indicadores_rendimento,Taxa de Reprovação,Privada,Ensino Fundamental,0.0
2704708,Marechal Deodoro,2010,indicadores_rendimento,Taxa de Reprovação,Privada,Ensino Médio,0.0
2704708,Marechal Deodoro,2010,indicadores_rendimento,Taxa de Reprovação,Pública,Ensino Fundamental,1.2
2704708,Marechal Deodoro,2010,indicadores_rendimento,Taxa de Reprovação,Pública,Ensino Médio,15.4
2704708,Marechal Deodoro,2010,indicadores_rendimento,Taxa de Reprovação,Total,Ensino Fundamental,1.2
2704708,Marechal Deodoro,2010,indicadores_rendimento,Taxa de Reprovação,Total,Ensino Médio,15.4
2704708,Marechal Deodoro,2019,censo_escolar,Escolas,Estadual,Educação Infantil,0.0
2704708,Marechal Deodoro,2019,censo_escolar,Escolas,Estadual,Educação Profissional,0.0
2704708,Marechal Deodoro,2019,censo_escolar,Escolas,Estadual,Educação de Jovens e Adultos (EJA),1.0
2704708,Marechal Deodoro,2019,censo_escolar,Escolas,Estadual,Ensino Fundamental,0.0
2704708,Marechal Deodoro,2019,censo_escolar,Escolas,Estadual,Ensino Médio,2.0
2704708,Marechal Deodoro,2019,censo_escolar,Escolas,Federal,Educação Infantil,0.0
2704708,Marechal Deodoro,2019,censo_escolar,Escolas,Federal,Educação Profissional,1.0
2704708,Marechal Deodoro,2019,censo_escolar,Escolas,Federal,Educação de Jovens e Adultos (EJA),1.0
2704708,Marechal Deodoro,2019,censo_escolar,Escolas,Federal,Ensino Fundamental,0.0
2704708,Marechal Deodoro,2019,censo_escolar,Escolas,Federal,Ensino Médio,1.0
2704708,Marechal Deodoro,2019,censo_escolar,Escolas,Municipal,Educação Infantil,17.0
2704708,Marechal Deodoro,2019,censo_escolar,Escolas,Municipal,Educação Profissional,0.0
2704708,Marechal Deodoro,2019,censo_escolar,Escolas,Municipal,Educação de Jovens e Adultos (EJA),7.0
2704708,Marechal Deodoro,2019,censo_escolar,Escolas,Municipal,Ensino Fundamental,17.0
2704708,Marechal Deodoro,2019,censo_escolar,Escolas,Municipal,Ensino Médio,0.0
2704708,Marechal Deodoro,2019,censo_escolar,Escolas,Privada,Educação Infantil,6.0
2704708,Marechal Deodoro,2019,censo_escolar,Escolas,Privada,Educação Profissional,0.0
2704708,Marechal Deodoro,2019,censo_escolar,Escolas,Privada,Educação de Jovens e Adultos (EJA),0.0
2704708,Marechal Deodoro,2019,censo_escolar,Escolas,Privada,Ensino Fundamental,5.0
2704708,Marechal Deodoro,2019,censo_escolar,Escolas,Privada,Ensino Médio,0.0
2704708,Marechal Deodoro,2019,censo_escolar,Escolas,Pública,Educação Infantil,17.0
2704708,Marechal Deodoro,2019,censo_escolar,Escolas,Pública,Educação Profissional,1.0
2704708,Marechal Deodoro,2019,censo_escolar,Escolas,Pública,Educação de Jovens e Adultos (EJA),9.0
2704708,Marechal Deodoro,2019,censo_escolar,Escolas,Pública,Ensino Fundamental,17.0
2704708,Marechal Deodoro,2019,censo_escolar,Escolas,Pública,Ensino Médio,3.0
2704708,Marechal Deodoro,2019,censo_escolar,Escolas,Total,Educação Infantil,23.0
2704708,Marechal Deodoro,2019,censo_escolar,Escolas,Total,Educação Profissional,1.0
2704708,Marechal Deodoro,2019,censo_escolar,Escolas,Total,Educação de Jovens e Adultos (EJA),9.0
2704708,Marechal Deodoro,2019,censo_escolar,Escolas,Total,Ensino Fundamental,22.0
2704708,Marechal Deodoro,2019,censo_escolar,Escolas,Total,Ensino Médio,3.0
2704708,Marechal Deodoro,2019,censo_escolar,Matrícula,Estadual,Educação Infantil,0.0
2704708,Marechal Deodoro,2019,censo_escolar,Matrícula,Estadual,Educação Profissional,0.0
2704708,Marechal Deodoro,2019,censo_escolar,Matrícula,Estadual,Educação de Jovens e Adultos (EJA),513.0
2704708,Marechal Deodoro,2019,censo_escolar,Matrícula,Estadual,Ensino Fundamental,0.0
2704708,Marechal Deodoro,2019,censo_escolar,Matrícula,Estadual,Ensino Médio,1186.0
2704708,Marechal Deodoro,2019,censo_escolar,Matrícula,Federal,Educação Infantil,0.0
2704708,Marechal Deodoro,2019,censo_escolar,Matrícula,Federal,Educação Profissional,699.0
2704708,Marechal Deodoro,2019,censo_escolar,Matrícula,Federal,Educação de Jovens e Adultos (EJA),97.0
2704708,Marechal Deodoro,2019,censo_escolar,Matrícula,Federal,Ensino Fundamental,0.0
2704708,Marechal Deodoro,2019,censo_escolar,Matrícula,Federal,Ensino Médio,699.0
2704708,Marechal Deodoro,2019,censo_escolar,Matrícula,Municipal,Educação Infantil,1750.0
2704708,Marechal Deodoro,2019,censo_escolar,Matrícula,Municipal,Educação Profissional,0.0
2704708,Marechal Deodoro,2019,censo_escolar,Matrícula,Municipal,Educação de Jovens e Adultos (EJA),1044.0
2704708,Marechal Deodoro,2019,censo_escolar,Matrícula,Municipal,Ensino Fundamental,7609.0
2704708,Marechal Deodoro,2019,censo_escolar,Matrícula,Municipal,Ensino Médio,0.0
2704708,Marechal Deodoro,2019,censo_escolar,Matrícula,Privada,Educação Infantil,257.0
2704708,Marechal Deodoro,2019,censo_escolar,Matrícula,Privada,Educação Profissional,0.0
2704708,Marechal Deodoro,2019,censo_escolar,Matrícula,Privada,Educação de Jovens e Adultos (EJA),0.0
2704708,Marechal Deodoro,2019,censo_escolar,Matrícula,Privada,Ensino Fundamental,418.0
2704708,Marechal Deodoro,2019,censo_escolar,Matrícula,Privada,Ensino Médio,0.0
2704708,Marechal Deodoro,2019,censo_escolar,Matrícula,Pública,Educação Infantil,1750.0
2704708,Marechal Deodoro,2019,censo_escolar,Matrícula,Pública,Educação Profissional,699.0
2704708,Marechal Deodoro,2019,censo_escolar,Matrícula,Pública,Educação de Jovens e Adultos (EJA),1654.0
2704708,Marechal Deodoro,2019,censo_escolar,Matrícula,Pública,Ensino Fundamental,7609.0
2704708,Marechal Deodoro,2019,censo_escolar,Matrícula,Pública,Ensino Médio,1885.0
2704708,Marechal Deodoro,2019,censo_escolar,Matrícula,Total,Educação Infantil,2007.0
2704708,Marechal Deodoro,2019,censo_escolar,Matrícula,Total,Educação Profissional,699.0
2704708,Marechal Deodoro,2019,censo_escolar,Matrícula,Total,Educação de Jovens e Adultos (EJA),1654.0
2704708,Marechal Deodoro,2019,censo_escolar,Matrícula,Total,Ensino Fundamental,8027.0
2704708,Marechal Deodoro,2019,censo_escolar,Matrícula,Total,Ensino Médio,1885.0
2704708,Marechal Deodoro,2019,indicadores_rendimento,Taxa de Abandono,Estadual,Ensino Fundamental,0.0
2704708,Marechal Deodoro,2019,indicadores_rendimento,Taxa de Abandono,Estadual,Ensino Médio,14.8
2704708,Marechal Deodoro,2019,indicadores_rendimento,Taxa de Abandono,Federal,Ensino Fundamental,0.0
2704708,Marechal Deodoro,2019,indicadores_rendimento,Taxa de Abandono,Federal,Ensino Médio,17.9
2704708,Marechal Deodoro,2019,indicadores_rendimento,Taxa de Abandono,Municipal,Ensino Fundamental,0.2
2704708,Marechal Deodoro,2019,indicadores_rendimento,Taxa de Abandono,Municipal,Ensino Médio,0.0
2704708,Marechal Deodoro,2019,indicadores_rendimento,Taxa de Abandono,Privada,Ensino Fundamental,0.4
2704708,Marechal Deodoro,2019,indicadores_rendimento,Taxa de Abandono,Privada,Ensino Médio,0.0
2704708,Marechal Deodoro,2019,indicadores_rendimento,Taxa de Abandono,Pública,Ensino Fundamental,0.2
2704708,Marechal Deodoro,2019,indicadores_rendimento,Taxa de Abandono,Pública,Ensino Médio,15.9
2704708,Marechal Deodoro,2019,indicadores_rendimento,Taxa de Abandono,Total,Ensino Fundamental,0.3
2704708,Marechal Deodoro,2019,indicadores_rendimento,Taxa de Abandono,Total,Ensino Médio,15.9
2704708,Marechal Deodoro,2019,indicadores_rendimento,Taxa de Aprovação,Estadual,Ensino Fundamental,0.0
2704708,Marechal Deodoro,2019,indicadores_rendimento,Taxa de Aprovação,Estadual,Ensino Médio,83.2
2704708,Marechal Deodoro,2019,indicadores_rendimento,Taxa de Aprovação,Federal,Ensino Fundamental,0.0
2704708,Marechal Deodoro,2019,indicadores_rendimento,Taxa de Aprovação,Federal,Ensino Médio,66.1
2704708,Marechal Deodoro,2019,indicadores_rendimento,Taxa de Aprovação,Municipal,Ensino Fundamental,98.1
2704708,Marechal Deodoro,2019,indicadores_rendimento,Taxa de Aprovação,Municipal,Ensino Médio,0.0
2704708,Marechal Deodoro,2019,indicadores_rendimento,Taxa de Aprovação,Privada,Ensino Fundamental,98.3
2704708,Marechal Deodoro,2019,indicadores_rendimento,Taxa de Aprovação,Privada,Ensino Médio,0.0
2704708,Marechal Deodoro,2019,indicadores_rendimento,Taxa de Aprovação,Pública,Ensino Fundamental,98.1
2704708,Marechal Deodoro,2019,indicadores_rendimento,Taxa de Aprovação,Pública,Ensino Médio,76.7
2704708,Marechal Deodoro,2019,indicadores_rendimento,Taxa de Aprovação,Total,Ensino Fundamental,98.1
2704708,Marechal Deodoro,2019,indicadores_rendimento,Taxa de Aprovação,Total,Ensino Médio,76.7
2704708,Marechal Deodoro,2019,indicadores_rendimento,Taxa de Reprovação,Estadual,Ensino Fundamental,0.0
2704708,Marechal Deodoro,2019,indicadores_rendimento,Taxa de Reprovação,Estadual,Ensino Médio,2.0
2704708,Marechal Deodoro,2019,indicadores_rendimento,Taxa de Reprovação,Federal,Ensino Fundamental,0.0
2704708,Marechal Deodoro,2019,indicadores_rendimento,Taxa de Reprovação,Federal,Ensino Médio,16.0
2704708,Marechal Deodoro,2019,indicadores_rendimento,Taxa de Reprovação,Municipal,Ensino Fundamental,1.7
2704708,Marechal Deodoro,2019,indicadores_rendimento,Taxa de Reprovação,Municipal,Ensino Médio,0.0
2704708,Marechal Deodoro,2019,indicadores_rendimento,Taxa de Reprovação,Privada,Ensino Fundamental,1.3
2704708,Marechal Deodoro,2019,indicadores_rendimento,Taxa de Reprovação,Privada,Ensino Médio,0.0
2704708,Marechal Deodoro,2019,indicadores_rendimento,Taxa de Reprovação,Pública,Ensino Fundamental,1.7
2704708,Marechal Deodoro,2019,indicadores_rendimento,Taxa de Reprovação,Pública,Ensino Médio,7.4
2704708,Marechal Deodoro,2019,indicadores_rendimento,Taxa de Reprovação,Total,Ensino Fundamental,1.6
2704708,Marechal Deodoro,2019,indicadores_rendimento,Taxa de Reprovação,Total,Ensino Médio,7.4
2704708,Marechal Deodoro,2021,censo_escolar,Escolas,Estadual,Educação Infantil,0.0
2704708,Marechal Deodoro,2021,censo_escolar,Escolas,Estadual,Educação Profissional,0.0
2704708,Marechal Deodoro,2021,censo_escolar,Escolas,Estadual,Educação de Jovens e Adultos (EJA),2.0
2704708,Marechal Deodoro,2021,censo_escolar,Escolas,Estadual,Ensino Fundamental,0.0
2704708,Marechal Deodoro,2021,censo_escolar,Escolas,Estadual,Ensino Médio,3.0
2704708,Marechal Deodoro,2021,censo_escolar,Escolas,Federal,Educação Infantil,0.0
2704708,Marechal Deodoro,2021,censo_escolar,Escolas,Federal,Educação Profissional,1.0
2704708,Marechal Deodoro,2021,censo_escolar,Escolas,Federal,Educação de Jovens e Adultos (EJA),1.0
2704708,Marechal Deodoro,2021,censo_escolar,Escolas,Federal,Ensino Fundamental,0.0
2704708,Marechal Deodoro,2021,censo_escolar,Escolas,Federal,Ensino Médio,1.0
2704708,Marechal Deodoro,2021,censo_escolar,Escolas,Municipal,Educação Infantil,15.0
2704708,Marechal Deodoro,2021,censo_escolar,Escolas,Municipal,Educação Profissional,0.0
2704708,Marechal Deodoro,2021,censo_escolar,Escolas,Municipal,Educação de Jovens e Adultos (EJA),6.0
2704708,Marechal Deodoro,2021,censo_escolar,Escolas,Municipal,Ensino Fundamental,17.0
2704708,Marechal Deodoro,2021,censo_escolar,Escolas,Municipal,Ensino Médio,0.0
2704708,Marechal Deodoro,2021,censo_escolar,Escolas,Privada,Educação Infantil,1.0
2704708,Marechal Deodoro,2021,censo_escolar,Escolas,Privada,Educação Profissional,0.0
2704708,Marechal Deodoro,2021,censo_escolar,Escolas,Privada,Educação de Jovens e Adultos (EJA),0.0
2704708,Marechal Deodoro,2021,censo_escolar,Escolas,Privada,Ensino Fundamental,2.0
2704708,Marechal Deodoro,2021,censo_escolar,Escolas,Privada,Ensino Médio,0.0
2704708,Marechal Deodoro,2021,censo_escolar,Escolas,Pública,Educação Infantil,15.0
2704708,Marechal Deodoro,2021,censo_escolar,Escolas,Pública,Educação Profissional,1.0
2704708,Marechal Deodoro,2021,censo_escolar,Escolas,Pública,Educação de Jovens e Adultos (EJA),9.0
2704708,Marechal Deodoro,2021,censo_escolar,Escolas,Pública,Ensino Fundamental,17.0
2704708,Marechal Deodoro,2021,censo_escolar,Escolas,Pública,Ensino Médio,4.0
2704708,Marechal Deodoro,2021,censo_escolar,Escolas,Total,Educação Infantil,16.0
2704708,Marechal Deodoro,2021,censo_escolar,Escolas,Total,Educação Profissional,1.0
2704708,Marechal Deodoro,2021,censo_escolar,Escolas,Total,Educação de Jovens e Adultos (EJA),9.0
2704708,Marechal Deodoro,2021,censo_escolar,Escolas,Total,Ensino Fundamental,19.0
2704708,Marechal Deodoro,2021,censo_escolar,Escolas,Total,Ensino Médio,4.0
2704708,Marechal Deodoro,2021,censo_escolar,Matrícula,Estadual,Educação Infantil,0.0
2704708,Marechal Deodoro,2021,censo_escolar,Matrícula,Estadual,Educação Profissional,0.0
2704708,Marechal Deodoro,2021,censo_escolar,Matrícula,Estadual,Educação de Jovens e Adultos (EJA),596.0
2704708,Marechal Deodoro,2021,censo_escolar,Matrícula,Estadual,Ensino Fundamental,0.0
2704708,Marechal Deodoro,2021,censo_escolar,Matrícula,Estadual,Ensino Médio,1640.0
2704708,Marechal Deodoro,2021,censo_escolar,Matrícula,Federal,Educação Infantil,0.0
2704708,Marechal Deodoro,2021,censo_escolar,Matrícula,Federal,Educação Profissional,913.0
2704708,Marechal Deodoro,2021,censo_escolar,Matrícula,Federal,Educação de Jovens e Adultos (EJA),153.0
2704708,Marechal Deodoro,2021,censo_escolar,Matrícula,Federal,Ensino Fundamental,0.0
2704708,Marechal Deodoro,2021,censo_escolar,Matrícula,Federal,Ensino Médio,760.0
2704708,Marechal Deodoro,2021,censo_escolar,Matrícula,Municipal,Educação Infantil,1997.0
2704708,Marechal Deodoro,2021,censo_escolar,Matrícula,Municipal,Educação Profissional,0.0
2704708,Marechal Deodoro,2021,censo_escolar,Matrícula,Municipal,Educação de Jovens e Adultos (EJA),778.0
2704708,Marechal Deodoro,2021,censo_escolar,Matrícula,Municipal,Ensino Fundamental,7987.0
2704708,Marechal Deodoro,2021,censo_escolar,Matrícula,Municipal,Ensino Médio,0.0
2704708,Marechal Deodoro,2021,censo_escolar,Matrícula,Privada,Educação Infantil,39.0
2704708,Marechal Deodoro,2021,censo_escolar,Matrícula,Privada,Educação Profissional,0.0
2704708,Marechal Deodoro,2021,censo_escolar,Matrícula,Privada,Educação de Jovens e Adultos (EJA),0.0
2704708,Marechal Deodoro,2021,censo_escolar,Matrícula,Privada,Ensino Fundamental,253.0
2704708,Marechal Deodoro,2021,censo_escolar,Matrícula,Privada,Ensino Médio,0.0
2704708,Marechal Deodoro,2021,censo_escolar,Matrícula,Pública,Educação Infantil,1997.0
2704708,Marechal Deodoro,2021,censo_escolar,Matrícula,Pública,Educação Profissional,913.0
2704708,Marechal Deodoro,2021,censo_escolar,Matrícula,Pública,Educação de Jovens e Adultos (EJA),1527.0
2704708,Marechal Deodoro,2021,censo_escolar,Matrícula,Pública,Ensino Fundamental,7987.0
2704708,Marechal Deodoro,2021,censo_escolar,Matrícula,Pública,Ensino Médio,2400.0
2704708,Marechal Deodoro,2021,censo_escolar,Matrícula,Total,Educação Infantil,2036.0
2704708,Marechal Deodoro,2021,censo_escolar,Matrícula,Total,Educação Profissional,913.0
2704708,Marechal Deodoro,2021,censo_escolar,Matrícula,Total,Educação de Jovens e Adultos (EJA),1527.0
2704708,Marechal Deodoro,2021,censo_escolar,Matrícula,Total,Ensino Fundamental,8240.0
2704708,Marechal Deodoro,2021,censo_escolar,Matrícula,Total,Ensino Médio,2400.0
2704708,Marechal Deodoro,2021,indicadores_rendimento,Taxa de Abandono,Estadual,Ensino Fundamental,0.0
2704708,Marechal Deodoro,2021,indicadores_rendimento,Taxa de Abandono,Estadual,Ensino Médio,9.5
2704708,Marechal Deodoro,2021,indicadores_rendimento,Taxa de Abandono,Federal,Ensino Fundamental,0.0
2704708,Marechal Deodoro,2021,indicadores_rendimento,Taxa de Abandono,Federal,Ensino Médio,0.0
2704708,Marechal Deodoro,2021,indicadores_rendimento,Taxa de Abandono,Municipal,Ensino Fundamental,0.1
2704708,Marechal Deodoro,2021,indicadores_rendimento,Taxa de Abandono,Municipal,Ensino Médio,0.0
2704708,Marechal Deodoro,2021,indicadores_rendimento,Taxa de Abandono,Privada,Ensino Fundamental,0.0
2704708,Marechal Deodoro,2021,indicadores_rendimento,Taxa de Abandono,Privada,Ensino Médio,0.0
2704708,Marechal Deodoro,2021,indicadores_rendimento,Taxa de Abandono,Pública,Ensino Fundamental,0.1
2704708,Marechal Deodoro,2021,indicadores_rendimento,Taxa de Abandono,Pública,Ensino Médio,9.5
2704708,Marechal Deodoro,2021,indicadores_rendimento,Taxa de Abandono,Total,Ensino Fundamental,0.1
2704708,Marechal Deodoro,2021,indicadores_rendimento,Taxa de Abandono,Total,Ensino Médio,9.5
2704708,Marechal Deodoro,2021,indicadores_rendimento,Taxa de Aprovação,Estadual,Ensino Fundamental,0.0
2704708,Marechal Deodoro,2021,indicadores_rendimento,Taxa de Aprovação,Estadual,Ensino Médio,83.3
2704708,Marechal Deodoro,2021,indicadores_rendimento,Taxa de Aprovação,Federal,Ensino Fundamental,0.0
2704708,Marechal Deodoro,2021,indicadores_rendimento,Taxa de Aprovação,Federal,Ensino Médio,0.0
2704708,Marechal Deodoro,2021,indicadores_rendimento,Taxa de Aprovação,Municipal,Ensino Fundamental,99.8
2704708,Marechal Deodoro,2021,indicadores_rendimento,Taxa de Aprovação,Municipal,Ensino Médio,0.0
2704708,Marechal Deodoro,2021,indicadores_rendimento,Taxa de Aprovação,Privada,Ensino Fundamental,0.0
2704708,Marechal Deodoro,2021,indicadores_rendimento,Taxa de Aprovação,Privada,Ensino Médio,0.0
2704708,Marechal Deodoro,2021,indicadores_rendimento,Taxa de Aprovação,Pública,Ensino Fundamental,99.8
2704708,Marechal Deodoro,2021,indicadores_rendimento,Taxa de Aprovação,Pública,Ensino Médio,83.3
2704708,Marechal Deodoro,2021,indicadores_rendimento,Taxa de Aprovação,Total,Ensino Fundamental,99.8
2704708,Marechal Deodoro,2021,indicadores_rendimento,Taxa de Aprovação,Total,Ensino Médio,83.3
2704708,Marechal Deodoro,2021,indicadores_rendimento,Taxa de Reprovação,Estadual,Ensino Fundamental,0.0
2704708,Marechal Deodoro,2021,indicadores_rendimento,Taxa de Reprovação,Estadual,Ensino Médio,7.2
2704708,Marechal Deodoro,2021,indicadores_rendimento,Taxa de Reprovação,Federal,Ensino Fundamental,0.0
2704708,Marechal Deodoro,2021,indicadores_rendimento,Taxa de Reprovação,Federal,Ensino Médio,0.0
2704708,Marechal Deodoro,2021,indicadores_rendimento,Taxa de Reprovação,Municipal,Ensino Fundamental,0.1
2704708,Marechal Deodoro,2021,indicadores_rendimento,Taxa de Reprovação,Municipal,Ensino Médio,0.0
2704708,Marechal Deodoro,2021,indicadores_rendimento,Taxa de Reprovação,Privada,Ensino Fundamental,0.0
2704708,Marechal Deodoro,2021,indicadores_rendimento,Taxa de Reprovação,Privada,Ensino Médio,0.0
2704708,Marechal Deodoro,2021,indicadores_rendimento,Taxa de Reprovação,Pública,Ensino Fundamental,0.1
2704708,Marechal Deodoro,2021,indicadores_rendimento,Taxa de Reprovação,Pública,Ensino Médio,7.2
2704708,Marechal Deodoro,2021,indicadores_rendimento,Taxa de Reprovação,Total,Ensino Fundamental,0.1
2704708,Marechal Deodoro,2021,indicadores_rendimento,Taxa de Reprovação,Total,Ensino Médio,7.2
2704708,Marechal Deodoro,2022,censo_demografico,Pessoas Alfabetizadas,Não se aplica,Pessoas de 15 anos ou mais de idade,40271.0
2704708,Marechal Deodoro,2022,censo_demografico,Pessoas Total,Não se aplica,Pessoas de 15 anos ou mais de idade,46542.0
2704708,Marechal Deodoro,2022,censo_demografico,Taxa de Alfabetização,Não se aplica,Pessoas de 15 anos ou mais de idade,86.52614842507842
2704708,Marechal Deodoro,2022,censo_demografico,Taxa de Analfabetismo,Não se aplica,Pessoas de 15 anos ou mais de idade,13.473851574921582
2704708,Marechal Deodoro,2023,censo_escolar,Escolas,Estadual,Educação Infantil,0.0
2704708,Marechal Deodoro,2023,censo_escolar,Escolas,Estadual,Educação Profissional,1.0
2704708,Marechal Deodoro,2023,censo_escolar,Escolas,Estadual,Educação de Jovens e Adultos (EJA),2.0
2704708,Marechal Deodoro,2023,censo_escolar,Escolas,Estadual,Ensino Fundamental,0.0
2704708,Marechal Deodoro,2023,censo_escolar,Escolas,Estadual,Ensino Médio,3.0
2704708,Marechal Deodoro,2023,censo_escolar,Escolas,Federal,Educação Infantil,0.0
2704708,Marechal Deodoro,2023,censo_escolar,Escolas,Federal,Educação Profissional,1.0
2704708,Marechal Deodoro,2023,censo_escolar,Escolas,Federal,Educação de Jovens e Adultos (EJA),1.0
2704708,Marechal Deodoro,2023,censo_escolar,Escolas,Federal,Ensino Fundamental,0.0
2704708,Marechal Deodoro,2023,censo_escolar,Escolas,Federal,Ensino Médio,1.0
2704708,Marechal Deodoro,2023,censo_escolar,Escolas,Municipal,Educação Infantil,15.0
2704708,Marechal Deodoro,2023,censo_escolar,Escolas,Municipal,Educação Profissional,0.0
2704708,Marechal Deodoro,2023,censo_escolar,Escolas,Municipal,Educação de Jovens e Adultos (EJA),6.0
2704708,Marechal Deodoro,2023,censo_escolar,Escolas,Municipal,Ensino Fundamental,17.0
2704708,Marechal Deodoro,2023,censo_escolar,Escolas,Municipal,Ensino Médio,0.0
2704708,Marechal Deodoro,2023,censo_escolar,Escolas,Privada,Educação Infantil,1.0
2704708,Marechal Deodoro,2023,censo_escolar,Escolas,Privada,Educação Profissional,0.0
2704708,Marechal Deodoro,2023,censo_escolar,Escolas,Privada,Educação de Jovens e Adultos (EJA),0.0
2704708,Marechal Deodoro,2023,censo_escolar,Escolas,Privada,Ensino Fundamental,1.0
2704708,Marechal Deodoro,2023,censo_escolar,Escolas,Privada,Ensino Médio,0.0
2704708,Marechal Deodoro,2023,censo_escolar,Escolas,Pública,Educação Infantil,15.0
2704708,Marechal Deodoro,2023,censo_escolar,Escolas,Pública,Educação Profissional,2.0
2704708,Marechal Deodoro,2023,censo_escolar,Escolas,Pública,Educação de Jovens e Adultos (EJA),9.0
2704708,Marechal Deodoro,2023,censo_escolar,Escolas,Pública,Ensino Fundamental,17.0
2704708,Marechal Deodoro,2023,censo_escolar,Escolas,Pública,Ensino Médio,4.0
2704708,Marechal Deodoro,2023,censo_escolar,Escolas,Total,Educação Infantil,16.0
2704708,Marechal Deodoro,2023,censo_escolar,Escolas,Total,Educação Profissional,2.0
2704708,Marechal Deodoro,2023,censo_escolar,Escolas,Total,Educação de Jovens e Adultos (EJA),9.0
2704708,Marechal Deodoro,2023,censo_escolar,Escolas,Total,Ensino Fundamental,18.0
2704708,Marechal Deodoro,2023,censo_escolar,Escolas,Total,Ensino Médio,4.0
2704708,Marechal Deodoro,2023,censo_escolar,Matrícula,Estadual,Educação Infantil,0.0
2704708,Marechal Deodoro,2023,censo_escolar,Matrícula,Estadual,Educação Profissional,26.0
2704708,Marechal Deodoro,2023,censo_escolar,Matrícula,Estadual,Educação de Jovens e Adultos (EJA),518.0
2704708,Marechal Deodoro,2023,censo_escolar,Matrícula,Estadual,Ensino Fundamental,0.0
2704708,Marechal Deodoro,2023,censo_escolar,Matrícula,Estadual,Ensino Médio,1677.0
2704708,Marechal Deodoro,2023,censo_escolar,Matrícula,Federal,Educação Infantil,0.0
2704708,Marechal Deodoro,2023,censo_escolar,Matrícula,Federal,Educação Profissional,673.0
2704708,Marechal Deodoro,2023,censo_escolar,Matrícula,Federal,Educação de Jovens e Adultos (EJA),99.0
2704708,Marechal Deodoro,2023,censo_escolar,Matrícula,Federal,Ensino Fundamental,0.0
2704708,Marechal Deodoro,2023,censo_escolar,Matrícula,Federal,Ensino Médio,673.0
2704708,Marechal Deodoro,2023,censo_escolar,Matrícula,Municipal,Educação Infantil,2768.0
2704708,Marechal Deodoro,2023,censo_escolar,Matrícula,Municipal,Educação Profissional,0.0
2704708,Marechal Deodoro,2023,censo_escolar,Matrícula,Municipal,Educação de Jovens e Adultos (EJA),752.0
2704708,Marechal Deodoro,2023,censo_escolar,Matrícula,Municipal,Ensino Fundamental,8245.0
2704708,Marechal Deodoro,2023,censo_escolar,Matrícula,Municipal,Ensino Médio,0.0
2704708,Marechal Deodoro,2023,censo_escolar,Matrícula,Privada,Educação Infantil,49.0
2704708,Marechal Deodoro,2023,censo_escolar,Matrícula,Privada,Educação Profissional,0.0
2704708,Marechal Deodoro,2023,censo_escolar,Matrícula,Privada,Educação de Jovens e Adultos (EJA),0.0
2704708,Marechal Deodoro,2023,censo_escolar,Matrícula,Privada,Ensino Fundamental,141.0
2704708,Marechal Deodoro,2023,censo_escolar,Matrícula,Privada,Ensino Médio,0.0
2704708,Marechal Deodoro,2023,censo_escolar,Matrícula,Pública,Educação Infantil,2768.0
2704708,Marechal Deodoro,2023,censo_escolar,Matrícula,Pública,Educação Profissional,699.0
2704708,Marechal Deodoro,2023,censo_escolar,Matrícula,Pública,Educação de Jovens e Adultos (EJA),1369.0
2704708,Marechal Deodoro,2023,censo_escolar,Matrícula,Pública,Ensino Fundamental,8245.0
2704708,Marechal Deodoro,2023,censo_escolar,Matrícula,Pública,Ensino Médio,2350.0
2704708,Marechal Deodoro,2023,censo_escolar,Matrícula,Total,Educação Infantil,2817.0
2704708,Marechal Deodoro,2023,censo_escolar,Matrícula,Total,Educação Profissional,699.0
2704708,Marechal Deodoro,2023,censo_escolar,Matrícula,Total,Educação de Jovens e Adultos (EJA),1369.0
2704708,Marechal Deodoro,2023,censo_escolar,Matrícula,Total,Ensino Fundamental,8386.0
2704708,Marechal Deodoro,2023,censo_escolar,Matrícula,Total,Ensino Médio,2350.0
2704708,Marechal Deodoro,2023,indicadores_rendimento,Taxa de Abandono,Estadual,Ensino Fundamental,0.0
2704708,Marechal Deodoro,2023,indicadores_rendimento,Taxa de Abandono,Estadual,Ensino Médio,5.2
2704708,Marechal Deodoro,2023,indicadores_rendimento,Taxa de Abandono,Federal,Ensino Fundamental,0.0
2704708,Marechal Deodoro,2023,indicadores_rendimento,Taxa de Abandono,Federal,Ensino Médio,5.3
2704708,Marechal Deodoro,2023,indicadores_rendimento,Taxa de Abandono,Municipal,Ensino Fundamental,0.1
2704708,Marechal Deodoro,2023,indicadores_rendimento,Taxa de Abandono,Municipal,Ensino Médio,0.0
2704708,Marechal Deodoro,2023,indicadores_rendimento,Taxa de Abandono,Privada,Ensino Fundamental,0.0
2704708,Marechal Deodoro,2023,indicadores_rendimento,Taxa de Abandono,Privada,Ensino Médio,0.0
2704708,Marechal Deodoro,2023,indicadores_rendimento,Taxa de Abandono,Pública,Ensino Fundamental,0.1
2704708,Marechal Deodoro,2023,indicadores_rendimento,Taxa de Abandono,Pública,Ensino Médio,5.3
2704708,Marechal Deodoro,2023,indicadores_rendimento,Taxa de Abandono,Total,Ensino Fundamental,0.0
2704708,Marechal Deodoro,2023,indicadores_rendimento,Taxa de Abandono,Total,Ensino Médio,5.3
2704708,Marechal Deodoro,2023,indicadores_rendimento,Taxa de Aprovação,Estadual,Ensino Fundamental,0.0
2704708,Marechal Deodoro,2023,indicadores_rendimento,Taxa de Aprovação,Estadual,Ensino Médio,86.0
2704708,Marechal Deodoro,2023,indicadores_rendimento,Taxa de Aprovação,Federal,Ensino Fundamental,0.0
2704708,Marechal Deodoro,2023,indicadores_rendimento,Taxa de Aprovação,Federal,Ensino Médio,72.2
2704708,Marechal Deodoro,2023,indicadores_rendimento,Taxa de Aprovação,Municipal,Ensino Fundamental,99.4
2704708,Marechal Deodoro,2023,indicadores_rendimento,Taxa de Aprovação,Municipal,Ensino Médio,0.0
2704708,Marechal Deodoro,2023,indicadores_rendimento,Taxa de Aprovação,Privada,Ensino Fundamental,100.0
2704708,Marechal Deodoro,2023,indicadores_rendimento,Taxa de Aprovação,Privada,Ensino Médio,0.0
2704708,Marechal Deodoro,2023,indicadores_rendimento,Taxa de Aprovação,Pública,Ensino Fundamental,99.4
2704708,Marechal Deodoro,2023,indicadores_rendimento,Taxa de Aprovação,Pública,Ensino Médio,81.8
2704708,Marechal Deodoro,2023,indicadores_rendimento,Taxa de Aprovação,Total,Ensino Fundamental,99.4
2704708,Marechal Deodoro,2023,indicadores_rendimento,Taxa de Aprovação,Total,Ensino Médio,81.8
2704708,Marechal Deodoro,2023,indicadores_rendimento,Taxa de Reprovação,Estadual,Ensino Fundamental,0.0
2704708,Marechal Deodoro,2023,indicadores_rendimento,Taxa de Reprovação,Estadual,Ensino Médio,8.8
2704708,Marechal Deodoro,2023,indicadores_rendimento,Taxa de Reprovação,Federal,Ensino Fundamental,0.0
2704708,Marechal Deodoro,2023,indicadores_rendimento,Taxa de Reprovação,Federal,Ensino Médio,22.5
2704708,Marechal Deodoro,2023,indicadores_rendimento,Taxa de Reprovação,Municipal,Ensino Fundamental,0.5
2704708,Marechal Deodoro,2023,indicadores_rendimento,Taxa de Reprovação,Municipal,Ensino Médio,0.0
2704708,Marechal Deodoro,2023,indicadores_rendimento,Taxa de Reprovação,Privada,Ensino Fundamental,0.0
2704708,Marechal Deodoro,2023,indicadores_rendimento,Taxa de Reprovação,Privada,Ensino Médio,0.0
2704708,Marechal Deodoro,2023,indicadores_rendimento,Taxa de Reprovação,Pública,Ensino Fundamental,0.5
2704708,Marechal Deodoro,2023,indicadores_rendimento,Taxa de Reprovação,Pública,Ensino Médio,12.9
2704708,Marechal Deodoro,2023,indicadores_rendimento,Taxa de Reprovação,Total,Ensino Fundamental,0.6
2704708,Marechal Deodoro,2023,indicadores_rendimento,Taxa de Reprovação,Total,Ensino Médio,12.9
2706307,Palmeira dos Índios,2010,censo_demografico,Pessoas Alfabetizadas,Não se aplica,Pessoas de 15 anos ou mais de idade,39048.0
2706307,Palmeira dos Índios,2010,censo_demografico,Pessoas Total,Não se aplica,Pessoas de 15 anos ou mais de idade,51659.0
2706307,Palmeira dos Índios,2010,censo_demografico,Taxa de Alfabetização,Não se aplica,Pessoas de 15 anos ou mais de idade,75.58799047600611
2706307,Palmeira dos Índios,2010,censo_demografico,Taxa de Analfabetismo,Não se aplica,Pessoas de 15 anos ou mais de idade,24.412009523993888
2706307,Palmeira dos Índios,2010,censo_escolar,Escolas,Estadual,Educação Infantil,6.0
2706307,Palmeira dos Índios,2010,censo_escolar,Escolas,Estadual,Educação Profissional,1.0
2706307,Palmeira dos Índios,2010,censo_escolar,Escolas,Estadual,Educação de Jovens e Adultos (EJA),10.0
2706307,Palmeira dos Índios,2010,censo_escolar,Escolas,Estadual,Ensino Fundamental,19.0
2706307,Palmeira dos Índios,2010,censo_escolar,Escolas,Estadual,Ensino Médio,7.0
2706307,Palmeira dos Índios,2010,censo_escolar,Escolas,Federal,Educação Infantil,0.0
2706307,Palmeira dos Índios,2010,censo_escolar,Escolas,Federal,Educação Profissional,1.0
2706307,Palmeira dos Índios,2010,censo_escolar,Escolas,Federal,Educação de Jovens e Adultos (EJA),1.0
2706307,Palmeira dos Índios,2010,censo_escolar,Escolas,Federal,Ensino Fundamental,0.0
2706307,Palmeira dos Índios,2010,censo_escolar,Escolas,Federal,Ensino Médio,1.0
2706307,Palmeira dos Índios,2010,censo_escolar,Escolas,Municipal,Educação Infantil,22.0
2706307,Palmeira dos Índios,2010,censo_escolar,Escolas,Municipal,Educação Profissional,0.0
2706307,Palmeira dos Índios,2010,censo_escolar,Escolas,Municipal,Educação de Jovens e Adultos (EJA),21.0
2706307,Palmeira dos Índios,2010,censo_escolar,Escolas,Municipal,Ensino Fundamental,22.0
2706307,Palmeira dos Índios,2010,censo_escolar,Escolas,Municipal,Ensino Médio,0.0
2706307,Palmeira dos Índios,2010,censo_escolar,Escolas,Privada,Educação Infantil,16.0
2706307,Palmeira dos Índios,2010,censo_escolar,Escolas,Privada,Educação Profissional,1.0
2706307,Palmeira dos Índios,2010,censo_escolar,Escolas,Privada,Educação de Jovens e Adultos (EJA),0.0
2706307,Palmeira dos Índios,2010,censo_escolar,Escolas,Privada,Ensino Fundamental,15.0
2706307,Palmeira dos Índios,2010,censo_escolar,Escolas,Privada,Ensino Médio,5.0
2706307,Palmeira dos Índios,2010,censo_escolar,Escolas,Pública,Educação Infantil,28.0
2706307,Palmeira dos Índios,2010,censo_escolar,Escolas,Pública,Educação Profissional,2.0
2706307,Palmeira dos Índios,2010,censo_escolar,Escolas,Pública,Educação de Jovens e Adultos (EJA),32.0
2706307,Palmeira dos Índios,2010,censo_escolar,Escolas,Pública,Ensino Fundamental,41.0
2706307,Palmeira dos Índios,2010,censo_escolar,Escolas,Pública,Ensino Médio,8.0
2706307,Palmeira dos Índios,2010,censo_escolar,Escolas,Total,Educação Infantil,44.0
2706307,Palmeira dos Índios,2010,censo_escolar,Escolas,Total,Educação Profissional,3.0
2706307,Palmeira dos Índios,2010,censo_escolar,Escolas,Total,Educação de Jovens e Adultos (EJA),32.0
2706307,Palmeira dos Índios,2010,censo_escolar,Escolas,Total,Ensino Fundamental,56.0
2706307,Palmeira dos Índios,2010,censo_escolar,Escolas,Total,Ensino Médio,13.0
2706307,Palmeira dos Índios,2010,censo_escolar,Matrícula,Estadual,Educação Infantil,85.0
2706307,Palmeira dos Índios,2010,censo_escolar,Matrícula,Estadual,Educação Profissional,820.0
2706307,Palmeira dos Índios,2010,censo_escolar,Matrícula,Estadual,Educação de Jovens e Adultos (EJA),1201.0
2706307,Palmeira dos Índios,2010,censo_escolar,Matrícula,Estadual,Ensino Fundamental,4441.0
2706307,Palmeira dos Índios,2010,censo_escolar,Matrícula,Estadual,Ensino Médio,3509.0
2706307,Palmeira dos Índios,2010,censo_escolar,Matrícula,Federal,Educação Infantil,0.0
2706307,Palmeira dos Índios,2010,censo_escolar,Matrícula,Federal,Educação Profissional,834.0
2706307,Palmeira dos Índios,2010,censo_escolar,Matrícula,Federal,Educação de Jovens e Adultos (EJA),77.0
2706307,Palmeira dos Índios,2010,censo_escolar,Matrícula,Federal,Ensino Fundamental,0.0
2706307,Palmeira dos Índios,2010,censo_escolar,Matrícula,Federal,Ensino Médio,698.0
2706307,Palmeira dos Índios,2010,censo_escolar,Matrícula,Municipal,Educação Infantil,2447.0
2706307,Palmeira dos Índios,2010,censo_escolar,Matrícula,Municipal,Educação Profissional,0.0
2706307,Palmeira dos Índios,2010,censo_escolar,Matrícula,Municipal,Educação de Jovens e Adultos (EJA),1942.0
2706307,Palmeira dos Índios,2010,censo_escolar,Matrícula,Municipal,Ensino Fundamental,7111.0
2706307,Palmeira dos Índios,2010,censo_escolar,Matrícula,Municipal,Ensino Médio,0.0
2706307,Palmeira dos Índios,2010,censo_escolar,Matrícula,Privada,Educação Infantil,839.0
2706307,Palmeira dos Índios,2010,censo_escolar,Matrícula,Privada,Educação Profissional,39.0
2706307,Palmeira dos Índios,2010,censo_escolar,Matrícula,Privada,Educação de Jovens e Adultos (EJA),0.0
2706307,Palmeira dos Índios,2010,censo_escolar,Matrícula,Privada,Ensino Fundamental,2383.0
2706307,Palmeira dos Índios,2010,censo_escolar,Matrícula,Privada,Ensino Médio,658.0
2706307,Palmeira dos Índios,2010,censo_escolar,Matrícula,Pública,Educação Infantil,2532.0
2706307,Palmeira dos Índios,2010,censo_escolar,Matrícula,Pública,Educação Profissional,1654.0
2706307,Palmeira dos Índios,2010,censo_escolar,Matrícula,Pública,Educação de Jovens e Adultos (EJA),3220.0
2706307,Palmeira dos Índios,2010,censo_escolar,Matrícula,Pública,Ensino Fundamental,11552.0
2706307,Palmeira dos Índios,2010,censo_escolar,Matrícula,Pública,Ensino Médio,4207.0
2706307,Palmeira dos Índios,2010,censo_escolar,Matrícula,Total,Educação Infantil,3371.0
2706307,Palmeira dos Índios,2010,censo_escolar,Matrícula,Total,Educação Profissional,1693.0
2706307,Palmeira dos Índios,2010,censo_escolar,Matrícula,Total,Educação de Jovens e Adultos (EJA),3220.0
2706307,Palmeira dos Índios,2010,censo_escolar,Matrícula,Total,Ensino Fundamental,13935.0
2706307,Palmeira dos Índios,2010,censo_escolar,Matrícula,Total,Ensino Médio,4865.0
2706307,Palmeira dos Índios,2010,indicadores_rendimento,Taxa de Abandono,Estadual,Ensino Fundamental,4.1
2706307,Palmeira dos Índios,2010,indicadores_rendimento,Taxa de Abandono,Estadual,Ensino Médio,30.5
2706307,Palmeira dos Índios,2010,indicadores_rendimento,Taxa de Abandono,Federal,Ensino Fundamental,0.0
2706307,Palmeira dos Índios,2010,indicadores_rendimento,Taxa de Abandono,Federal,Ensino Médio,0.4
2706307,Palmeira dos Índios,2010,indicadores_rendimento,Taxa de Abandono,Municipal,Ensino Fundamental,1.5
2706307,Palmeira dos Índios,2010,indicadores_rendimento,Taxa de Abandono,Municipal,Ensino Médio,0.0
2706307,Palmeira dos Índios,2010,indicadores_rendimento,Taxa de Abandono,Privada,Ensino Fundamental,1.3
2706307,Palmeira dos Índios,2010,indicadores_rendimento,Taxa de Abandono,Privada,Ensino Médio,1.5
2706307,Palmeira dos Índios,2010,indicadores_rendimento,Taxa de Abandono,Pública,Ensino Fundamental,2.0
2706307,Palmeira dos Índios,2010,indicadores_rendimento,Taxa de Abandono,Pública,Ensino Médio,26.2
2706307,Palmeira dos Índios,2010,indicadores_rendimento,Taxa de Abandono,Total,Ensino Fundamental,1.8
2706307,Palmeira dos Índios,2010,indicadores_rendimento,Taxa de Abandono,Total,Ensino Médio,23.1
2706307,Palmeira dos Índios,2010,indicadores_rendimento,Taxa de Aprovação,Estadual,Ensino Fundamental,91.1
2706307,Palmeira dos Índios,2010,indicadores_rendimento,Taxa de Aprovação,Estadual,Ensino Médio,58.5
2706307,Palmeira dos Índios,2010,indicadores_rendimento,Taxa de Aprovação,Federal,Ensino Fundamental,0.0
2706307,Palmeira dos Índios,2010,indicadores_rendimento,Taxa de Aprovação,Federal,Ensino Médio,68.9
2706307,Palmeira dos Índios,2010,indicadores_rendimento,Taxa de Aprovação,Municipal,Ensino Fundamental,97.9
2706307,Palmeira dos Índios,2010,indicadores_rendimento,Taxa de Aprovação,Municipal,Ensino Médio,0.0
2706307,Palmeira dos Índios,2010,indicadores_rendimento,Taxa de Aprovação,Privada,Ensino Fundamental,97.0
2706307,Palmeira dos Índios,2010,indicadores_rendimento,Taxa de Aprovação,Privada,Ensino Médio,89.9
2706307,Palmeira dos Índios,2010,indicadores_rendimento,Taxa de Aprovação,Pública,Ensino Fundamental,96.7
2706307,Palmeira dos Índios,2010,indicadores_rendimento,Taxa de Aprovação,Pública,Ensino Médio,60.0
2706307,Palmeira dos Índios,2010,indicadores_rendimento,Taxa de Aprovação,Total,Ensino Fundamental,96.8
2706307,Palmeira dos Índios,2010,indicadores_rendimento,Taxa de Aprovação,Total,Ensino Médio,63.8
2706307,Palmeira dos Índios,2010,indicadores_rendimento,Taxa de Reprovação,Estadual,Ensino Fundamental,4.8
2706307,Palmeira dos Índios,2010,indicadores_rendimento,Taxa de Reprovação,Estadual,Ensino Médio,11.0
2706307,Palmeira dos Índios,2010,indicadores_rendimento,Taxa de Reprovação,Federal,Ensino Fundamental,0.0
2706307,Palmeira dos Índios,2010,indicadores_rendimento,Taxa de Reprovação,Federal,Ensino Médio,30.7
2706307,Palmeira dos Índios,2010,indicadores_rendimento,Taxa de Reprovação,Municipal,Ensino Fundamental,0.6
2706307,Palmeira dos Índios,2010,indicadores_rendimento,Taxa de Reprovação,Municipal,Ensino Médio,0.0
2706307,Palmeira dos Índios,2010,indicadores_rendimento,Taxa de Reprovação,Privada,Ensino Fundamental,1.7
2706307,Palmeira dos Índios,2010,indicadores_rendimento,Taxa de Reprovação,Privada,Ensino Médio,8.6
2706307,Palmeira dos Índios,2010,indicadores_rendimento,Taxa de Reprovação,Pública,Ensino Fundamental,1.3
2706307,Palmeira dos Índios,2010,indicadores_rendimento,Taxa de Reprovação,Pública,Ensino Médio,13.8
2706307,Palmeira dos Índios,2010,indicadores_rendimento,Taxa de Reprovação,Total,Ensino Fundamental,1.4
2706307,Palmeira dos Índios,2010,indicadores_rendimento,Taxa de Reprovação,Total,Ensino Médio,13.1
2706307,Palmeira dos Índios,2019,censo_escolar,Escolas,Estadual,Educação Infantil,6.0
2706307,Palmeira dos Índios,2019,censo_escolar,Escolas,Estadual,Educação Profissional,1.0
2706307,Palmeira dos Índios,2019,censo_escolar,Escolas,Estadual,Educação de Jovens e Adultos (EJA),14.0
2706307,Palmeira dos Índios,2019,censo_escolar,Escolas,Estadual,Ensino Fundamental,16.0
2706307,Palmeira dos Índios,2019,censo_escolar,Escolas,Estadual,Ensino Médio,13.0
2706307,Palmeira dos Índios,2019,censo_escolar,Escolas,Federal,Educação Infantil,0.0
2706307,Palmeira dos Índios,2019,censo_escolar,Escolas,Federal,Educação Profissional,1.0
2706307,Palmeira dos Índios,2019,censo_escolar,Escolas,Federal,Educação de Jovens e Adultos (EJA),0.0
2706307,Palmeira dos Índios,2019,censo_escolar,Escolas,Federal,Ensino Fundamental,0.0
2706307,Palmeira dos Índios,2019,censo_escolar,Escolas,Federal,Ensino Médio,1.0
2706307,Palmeira dos Índios,2019,censo_escolar,Escolas,Municipal,Educação Infantil,24.0
2706307,Palmeira dos Índios,2019,censo_escolar,Escolas,Municipal,Educação Profissional,0.0
2706307,Palmeira dos Índios,2019,censo_escolar,Escolas,Municipal,Educação de Jovens e Adultos (EJA),22.0
2706307,Palmeira dos Índios,2019,censo_escolar,Escolas,Municipal,Ensino Fundamental,24.0
2706307,Palmeira dos Índios,2019,censo_escolar,Escolas,Municipal,Ensino Médio,0.0
2706307,Palmeira dos Índios,2019,censo_escolar,Escolas,Privada,Educação Infantil,12.0
2706307,Palmeira dos Índios,2019,censo_escolar,Escolas,Privada,Educação Profissional,2.0
2706307,Palmeira dos Índios,2019,censo_escolar,Escolas,Privada,Educação de Jovens e Adultos (EJA),0.0
2706307,Palmeira dos Índios,2019,censo_escolar,Escolas,Privada,Ensino Fundamental,12.0
2706307,Palmeira dos Índios,2019,censo_escolar,Escolas,Privada,Ensino Médio,5.0
2706307,Palmeira dos Índios,2019,censo_escolar,Escolas,Pública,Educação Infantil,30.0
2706307,Palmeira dos Índios,2019,censo_escolar,Escolas,Pública,Educação Profissional,2.0
2706307,Palmeira dos Índios,2019,censo_escolar,Escolas,Pública,Educação de Jovens e Adultos (EJA),36.0
2706307,Palmeira dos Índios,2019,censo_escolar,Escolas,Pública,Ensino Fundamental,40.0
2706307,Palmeira dos Índios,2019,censo_escolar,Escolas,Pública,Ensino Médio,14.0
2706307,Palmeira dos Índios,2019,censo_escolar,Escolas,Total,Educação Infantil,42.0
2706307,Palmeira dos Índios,2019,censo_escolar,Escolas,Total,Educação Profissional,4.0
2706307,Palmeira dos Índios,2019,censo_escolar,Escolas,Total,Educação de Jovens e Adultos (EJA),36.0
2706307,Palmeira dos Índios,2019,censo_escolar,Escolas,Total,Ensino Fundamental,52.0
2706307,Palmeira dos Índios,2019,censo_escolar,Escolas,Total,Ensino Médio,19.0
2706307,Palmeira dos Índios,2019,censo_escolar,Matrícula,Estadual,Educação Infantil,122.0
2706307,Palmeira dos Índios,2019,censo_escolar,Matrícula,Estadual,Educação Profissional,193.0
2706307,Palmeira dos Índios,2019,censo_escolar,Matrícula,Estadual,Educação de Jovens e Adultos (EJA),1324.0
2706307,Palmeira dos Índios,2019,censo_escolar,Matrícula,Estadual,Ensino Fundamental,1798.0
2706307,Palmeira dos Índios,2019,censo_escolar,Matrícula,Estadual,Ensino Médio,2189.0
2706307,Palmeira dos Índios,2019,censo_escolar,Matrícula,Federal,Educação Infantil,0.0
2706307,Palmeira dos Índios,2019,censo_escolar,Matrícula,Federal,Educação Profissional,858.0
2706307,Palmeira dos Índios,2019,censo_escolar,Matrícula,Federal,Educação de Jovens e Adultos (EJA),0.0
2706307,Palmeira dos Índios,2019,censo_escolar,Matrícula,Federal,Ensino Fundamental,0.0
2706307,Palmeira dos Índios,2019,censo_escolar,Matrícula,Federal,Ensino Médio,739.0
2706307,Palmeira dos Índios,2019,censo_escolar,Matrícula,Municipal,Educação Infantil,2855.0
2706307,Palmeira dos Índios,2019,censo_escolar,Matrícula,Municipal,Educação Profissional,0.0
2706307,Palmeira dos Índios,2019,censo_escolar,Matrícula,Municipal,Educação de Jovens e Adultos (EJA),3533.0
2706307,Palmeira dos Índios,2019,censo_escolar,Matrícula,Municipal,Ensino Fundamental,6864.0
2706307,Palmeira dos Índios,2019,censo_escolar,Matrícula,Municipal,Ensino Médio,0.0
2706307,Palmeira dos Índios,2019,censo_escolar,Matrícula,Privada,Educação Infantil,944.0
2706307,Palmeira dos Índios,2019,censo_escolar,Matrícula,Privada,Educação Profissional,299.0
2706307,Palmeira dos Índios,2019,censo_escolar,Matrícula,Privada,Educação de Jovens e Adultos (EJA),0.0
2706307,Palmeira dos Índios,2019,censo_escolar,Matrícula,Privada,Ensino Fundamental,2610.0
2706307,Palmeira dos Índios,2019,censo_escolar,Matrícula,Privada,Ensino Médio,479.0
2706307,Palmeira dos Índios,2019,censo_escolar,Matrícula,Pública,Educação Infantil,2977.0
2706307,Palmeira dos Índios,2019,censo_escolar,Matrícula,Pública,Educação Profissional,1051.0
2706307,Palmeira dos Índios,2019,censo_escolar,Matrícula,Pública,Educação de Jovens e Adultos (EJA),4857.0
2706307,Palmeira dos Índios,2019,censo_escolar,Matrícula,Pública,Ensino Fundamental,8662.0
2706307,Palmeira dos Índios,2019,censo_escolar,Matrícula,Pública,Ensino Médio,2928.0
2706307,Palmeira dos Índios,2019,censo_escolar,Matrícula,Total,Educação Infantil,3921.0
2706307,Palmeira dos Índios,2019,censo_escolar,Matrícula,Total,Educação Profissional,1350.0
2706307,Palmeira dos Índios,2019,censo_escolar,Matrícula,Total,Educação de Jovens e Adultos (EJA),4857.0
2706307,Palmeira dos Índios,2019,censo_escolar,Matrícula,Total,Ensino Fundamental,11272.0
2706307,Palmeira dos Índios,2019,censo_escolar,Matrícula,Total,Ensino Médio,3407.0
2706307,Palmeira dos Índios,2019,indicadores_rendimento,Taxa de Abandono,Estadual,Ensino Fundamental,2.1
2706307,Palmeira dos Índios,2019,indicadores_rendimento,Taxa de Abandono,Estadual,Ensino Médio,2.9
2706307,Palmeira dos Índios,2019,indicadores_rendimento,Taxa de Abandono,Federal,Ensino Fundamental,0.0
2706307,Palmeira dos Índios,2019,indicadores_rendimento,Taxa de Abandono,Federal,Ensino Médio,0.3
2706307,Palmeira dos Índios,2019,indicadores_rendimento,Taxa de Abandono,Municipal,Ensino Fundamental,0.7
2706307,Palmeira dos Índios,2019,indicadores_rendimento,Taxa de Abandono,Municipal,Ensino Médio,0.0
2706307,Palmeira dos Índios,2019,indicadores_rendimento,Taxa de Abandono,Privada,Ensino Fundamental,0.2
2706307,Palmeira dos Índios,2019,indicadores_rendimento,Taxa de Abandono,Privada,Ensino Médio,0.0
2706307,Palmeira dos Índios,2019,indicadores_rendimento,Taxa de Abandono,Pública,Ensino Fundamental,0.9
2706307,Palmeira dos Índios,2019,indicadores_rendimento,Taxa de Abandono,Pública,Ensino Médio,2.2
2706307,Palmeira dos Índios,2019,indicadores_rendimento,Taxa de Abandono,Total,Ensino Fundamental,0.8
2706307,Palmeira dos Índios,2019,indicadores_rendimento,Taxa de Abandono,Total,Ensino Médio,1.9
2706307,Palmeira dos Índios,2019,indicadores_rendimento,Taxa de Aprovação,Estadual,Ensino Fundamental,95.4
2706307,Palmeira dos Índios,2019,indicadores_rendimento,Taxa de Aprovação,Estadual,Ensino Médio,93.9
2706307,Palmeira dos Índios,2019,indicadores_rendimento,Taxa de Aprovação,Federal,Ensino Fundamental,0.0
2706307,Palmeira dos Índios,2019,indicadores_rendimento,Taxa de Aprovação,Federal,Ensino Médio,73.1
2706307,Palmeira dos Índios,2019,indicadores_rendimento,Taxa de Aprovação,Municipal,Ensino Fundamental,96.3
2706307,Palmeira dos Índios,2019,indicadores_rendimento,Taxa de Aprovação,Municipal,Ensino Médio,0.0
2706307,Palmeira dos Índios,2019,indicadores_rendimento,Taxa de Aprovação,Privada,Ensino Fundamental,99.3
2706307,Palmeira dos Índios,2019,indicadores_rendimento,Taxa de Aprovação,Privada,Ensino Médio,96.2
2706307,Palmeira dos Índios,2019,indicadores_rendimento,Taxa de Aprovação,Pública,Ensino Fundamental,96.2
2706307,Palmeira dos Índios,2019,indicadores_rendimento,Taxa de Aprovação,Pública,Ensino Médio,88.6
2706307,Palmeira dos Índios,2019,indicadores_rendimento,Taxa de Aprovação,Total,Ensino Fundamental,96.9
2706307,Palmeira dos Índios,2019,indicadores_rendimento,Taxa de Aprovação,Total,Ensino Médio,89.7
2706307,Palmeira dos Índios,2019,indicadores_rendimento,Taxa de Reprovação,Estadual,Ensino Fundamental,2.5
2706307,Palmeira dos Índios,2019,indicadores_rendimento,Taxa de Reprovação,Estadual,Ensino Médio,3.2
2706307,Palmeira dos Índios,2019,indicadores_rendimento,Taxa de Reprovação,Federal,Ensino Fundamental,0.0
2706307,Palmeira dos Índios,2019,indicadores_rendimento,Taxa de Reprovação,Federal,Ensino Médio,26.6
2706307,Palmeira dos Índios,2019,indicadores_rendimento,Taxa de Reprovação,Municipal,Ensino Fundamental,3.0
2706307,Palmeira dos Índios,2019,indicadores_rendimento,Taxa de Reprovação,Municipal,Ensino Médio,0.0
2706307,Palmeira dos Índios,2019,indicadores_rendimento,Taxa de Reprovação,Privada,Ensino Fundamental,0.5
2706307,Palmeira dos Índios,2019,indicadores_rendimento,Taxa de Reprovação,Privada,Ensino Médio,3.8
2706307,Palmeira dos Índios,2019,indicadores_rendimento,Taxa de Reprovação,Pública,Ensino Fundamental,2.9
2706307,Palmeira dos Índios,2019,indicadores_rendimento,Taxa de Reprovação,Pública,Ensino Médio,9.2
2706307,Palmeira dos Índios,2019,indicadores_rendimento,Taxa de Reprovação,Total,Ensino Fundamental,2.3
2706307,Palmeira dos Índios,2019,indicadores_rendimento,Taxa de Reprovação,Total,Ensino Médio,8.4
2706307,Palmeira dos Índios,2021,censo_escolar,Escolas,Estadual,Educação Infantil,6.0
2706307,Palmeira dos Índios,2021,censo_escolar,Escolas,Estadual,Educação Profissional,5.0
2706307,Palmeira dos Índios,2021,censo_escolar,Escolas,Estadual,Educação de Jovens e Adultos (EJA),11.0
2706307,Palmeira dos Índios,2021,censo_escolar,Escolas,Estadual,Ensino Fundamental,15.0
2706307,Palmeira dos Índios,2021,censo_escolar,Escolas,Estadual,Ensino Médio,13.0
2706307,Palmeira dos Índios,2021,censo_escolar,Escolas,Federal,Educação Infantil,0.0
2706307,Palmeira dos Índios,2021,censo_escolar,Escolas,Federal,Educação Profissional,1.0
2706307,Palmeira dos Índios,2021,censo_escolar,Escolas,Federal,Educação de Jovens e Adultos (EJA),0.0
2706307,Palmeira dos Índios,2021,censo_escolar,Escolas,Federal,Ensino Fundamental,0.0
2706307,Palmeira dos Índios,2021,censo_escolar,Escolas,Federal,Ensino Médio,1.0
2706307,Palmeira dos Índios,2021,censo_escolar,Escolas,Municipal,Educação Infantil,23.0
2706307,Palmeira dos Índios,2021,censo_escolar,Escolas,Municipal,Educação Profissional,0.0
2706307,Palmeira dos Índios,2021,censo_escolar,Escolas,Municipal,Educação de Jovens e Adultos (EJA),20.0
2706307,Palmeira dos Índios,2021,censo_escolar,Escolas,Municipal,Ensino Fundamental,25.0
2706307,Palmeira dos Índios,2021,censo_escolar,Escolas,Municipal,Ensino Médio,0.0
2706307,Palmeira dos Índios,2021,censo_escolar,Escolas,Privada,Educação Infantil,11.0
2706307,Palmeira dos Índios,2021,censo_escolar,Escolas,Privada,Educação Profissional,3.0
2706307,Palmeira dos Índios,2021,censo_escolar,Escolas,Privada,Educação de Jovens e Adultos (EJA),0.0
2706307,Palmeira dos Índios,2021,censo_escolar,Escolas,Privada,Ensino Fundamental,10.0
2706307,Palmeira dos Índios,2021,censo_escolar,Escolas,Privada,Ensino Médio,4.0
2706307,Palmeira dos Índios,2021,censo_escolar,Escolas,Pública,Educação Infantil,29.0
2706307,Palmeira dos Índios,2021,censo_escolar,Escolas,Pública,Educação Profissional,6.0
2706307,Palmeira dos Índios,2021,censo_escolar,Escolas,Pública,Educação de Jovens e Adultos (EJA),31.0
2706307,Palmeira dos Índios,2021,censo_escolar,Escolas,Pública,Ensino Fundamental,40.0
2706307,Palmeira dos Índios,2021,censo_escolar,Escolas,Pública,Ensino Médio,14.0
2706307,Palmeira dos Índios,2021,censo_escolar,Escolas,Total,Educação Infantil,40.0
2706307,Palmeira dos Índios,2021,censo_escolar,Escolas,Total,Educação Profissional,9.0
2706307,Palmeira dos Índios,2021,censo_escolar,Escolas,Total,Educação de Jovens e Adultos (EJA),31.0
2706307,Palmeira dos Índios,2021,censo_escolar,Escolas,Total,Ensino Fundamental,50.0
2706307,Palmeira dos Índios,2021,censo_escolar,Escolas,Total,Ensino Médio,18.0
2706307,Palmeira dos Índios,2021,censo_escolar,Matrícula,Estadual,Educação Infantil,149.0
2706307,Palmeira dos Índios,2021,censo_escolar,Matrícula,Estadual,Educação Profissional,576.0
2706307,Palmeira dos Índios,2021,censo_escolar,Matrícula,Estadual,Educação de Jovens e Adultos (EJA),1021.0
2706307,Palmeira dos Índios,2021,censo_escolar,Matrícula,Estadual,Ensino Fundamental,1682.0
2706307,Palmeira dos Índios,2021,censo_escolar,Matrícula,Estadual,Ensino Médio,2276.0
2706307,Palmeira dos Índios,2021,censo_escolar,Matrícula,Federal,Educação Infantil,0.0
2706307,Palmeira dos Índios,2021,censo_escolar,Matrícula,Federal,Educação Profissional,1017.0
2706307,Palmeira dos Índios,2021,censo_escolar,Matrícula,Federal,Educação de Jovens e Adultos (EJA),0.0
2706307,Palmeira dos Índios,2021,censo_escolar,Matrícula,Federal,Ensino Fundamental,0.0
2706307,Palmeira dos Índios,2021,censo_escolar,Matrícula,Federal,Ensino Médio,910.0
2706307,Palmeira dos Índios,2021,censo_escolar,Matrícula,Municipal,Educação Infantil,2830.0
2706307,Palmeira dos Índios,2021,censo_escolar,Matrícula,Municipal,Educação Profissional,0.0
2706307,Palmeira dos Índios,2021,censo_escolar,Matrícula,Municipal,Educação de Jovens e Adultos (EJA),2020.0
2706307,Palmeira dos Índios,2021,censo_escolar,Matrícula,Municipal,Ensino Fundamental,6845.0
2706307,Palmeira dos Índios,2021,censo_escolar,Matrícula,Municipal,Ensino Médio,0.0
2706307,Palmeira dos Índios,2021,censo_escolar,Matrícula,Privada,Educação Infantil,672.0
2706307,Palmeira dos Índios,2021,censo_escolar,Matrícula,Privada,Educação Profissional,333.0
2706307,Palmeira dos Índios,2021,censo_escolar,Matrícula,Privada,Educação de Jovens e Adultos (EJA),0.0
2706307,Palmeira dos Índios,2021,censo_escolar,Matrícula,Privada,Ensino Fundamental,2359.0
2706307,Palmeira dos Índios,2021,censo_escolar,Matrícula,Privada,Ensino Médio,483.0
2706307,Palmeira dos Índios,2021,censo_escolar,Matrícula,Pública,Educação Infantil,2979.0
2706307,Palmeira dos Índios,2021,censo_escolar,Matrícula,Pública,Educação Profissional,1593.0
2706307,Palmeira dos Índios,2021,censo_escolar,Matrícula,Pública,Educação de Jovens e Adultos (EJA),3041.0
2706307,Palmeira dos Índios,2021,censo_escolar,Matrícula,Pública,Ensino Fundamental,8527.0
2706307,Palmeira dos Índios,2021,censo_escolar,Matrícula,Pública,Ensino Médio,3186.0
2706307,Palmeira dos Índios,2021,censo_escolar,Matrícula,Total,Educação Infantil,3651.0
2706307,Palmeira dos Índios,2021,censo_escolar,Matrícula,Total,Educação Profissional,1926.0
2706307,Palmeira dos Índios,2021,censo_escolar,Matrícula,Total,Educação de Jovens e Adultos (EJA),3041.0
2706307,Palmeira dos Índios,2021,censo_escolar,Matrícula,Total,Ensino Fundamental,10886.0
2706307,Palmeira dos Índios,2021,censo_escolar,Matrícula,Total,Ensino Médio,3669.0
2706307,Palmeira dos Índios,2021,indicadores_rendimento,Taxa de Abandono,Estadual,Ensino Fundamental,0.5
2706307,Palmeira dos Índios,2021,indicadores_rendimento,Taxa de Abandono,Estadual,Ensino Médio,2.9
2706307,Palmeira dos Índios,2021,indicadores_rendimento,Taxa de Abandono,Federal,Ensino Fundamental,0.0
2706307,Palmeira dos Índios,2021,indicadores_rendimento,Taxa de Abandono,Federal,Ensino Médio,0.3
2706307,Palmeira dos Índios,2021,indicadores_rendimento,Taxa de Abandono,Municipal,Ensino Fundamental,0.3
2706307,Palmeira dos Índios,2021,indicadores_rendimento,Taxa de Abandono,Municipal,Ensino Médio,0.0
2706307,Palmeira dos Índios,2021,indicadores_rendimento,Taxa de Abandono,Privada,Ensino Fundamental,0.1
2706307,Palmeira dos Índios,2021,indicadores_rendimento,Taxa de Abandono,Privada,Ensino Médio,0.6
2706307,Palmeira dos Índios,2021,indicadores_rendimento,Taxa de Abandono,Pública,Ensino Fundamental,0.4
2706307,Palmeira dos Índios,2021,indicadores_rendimento,Taxa de Abandono,Pública,Ensino Médio,2.2
2706307,Palmeira dos Índios,2021,indicadores_rendimento,Taxa de Abandono,Total,Ensino Fundamental,0.4
2706307,Palmeira dos Índios,2021,indicadores_rendimento,Taxa de Abandono,Total,Ensino Médio,1.9
2706307,Palmeira dos Índios,2021,indicadores_rendimento,Taxa de Aprovação,Estadual,Ensino Fundamental,98.6
2706307,Palmeira dos Índios,2021,indicadores_rendimento,Taxa de Aprovação,Estadual,Ensino Médio,96.0
2706307,Palmeira dos Índios,2021,indicadores_rendimento,Taxa de Aprovação,Federal,Ensino Fundamental,0.0
2706307,Palmeira dos Índios,2021,indicadores_rendimento,Taxa de Aprovação,Federal,Ensino Médio,84.4
2706307,Palmeira dos Índios,2021,indicadores_rendimento,Taxa de Aprovação,Municipal,Ensino Fundamental,99.5
2706307,Palmeira dos Índios,2021,indicadores_rendimento,Taxa de Aprovação,Municipal,Ensino Médio,0.0
2706307,Palmeira dos Índios,2021,indicadores_rendimento,Taxa de Aprovação,Privada,Ensino Fundamental,99.4
2706307,Palmeira dos Índios,2021,indicadores_rendimento,Taxa de Aprovação,Privada,Ensino Médio,97.5
2706307,Palmeira dos Índios,2021,indicadores_rendimento,Taxa de Aprovação,Pública,Ensino Fundamental,99.3
2706307,Palmeira dos Índios,2021,indicadores_rendimento,Taxa de Aprovação,Pública,Ensino Médio,92.6
2706307,Palmeira dos Índios,2021,indicadores_rendimento,Taxa de Aprovação,Total,Ensino Fundamental,99.3
2706307,Palmeira dos Índios,2021,indicadores_rendimento,Taxa de Aprovação,Total,Ensino Médio,93.3
2706307,Palmeira dos Índios,2021,indicadores_rendimento,Taxa de Reprovação,Estadual,Ensino Fundamental,0.9
2706307,Palmeira dos Índios,2021,indicadores_rendimento,Taxa de Reprovação,Estadual,Ensino Médio,1.1
2706307,Palmeira dos Índios,2021,indicadores_rendimento,Taxa de Reprovação,Federal,Ensino Fundamental,0.0
2706307,Palmeira dos Índios,2021,indicadores_rendimento,Taxa de Reprovação,Federal,Ensino Médio,15.3
2706307,Palmeira dos Índios,2021,indicadores_rendimento,Taxa de Reprovação,Municipal,Ensino Fundamental,0.2
2706307,Palmeira dos Índios,2021,indicadores_rendimento,Taxa de Reprovação,Municipal,Ensino Médio,0.0
2706307,Palmeira dos Índios,2021,indicadores_rendimento,Taxa de Reprovação,Privada,Ensino Fundamental,0.5
2706307,Palmeira dos Índios,2021,indicadores_rendimento,Taxa de Reprovação,Privada,Ensino Médio,1.9
2706307,Palmeira dos Índios,2021,indicadores_rendimento,Taxa de Reprovação,Pública,Ensino Fundamental,0.3
2706307,Palmeira dos Índios,2021,indicadores_rendimento,Taxa de Reprovação,Pública,Ensino Médio,5.2
2706307,Palmeira dos Índios,2021,indicadores_rendimento,Taxa de Reprovação,Total,Ensino Fundamental,0.3
2706307,Palmeira dos Índios,2021,indicadores_rendimento,Taxa de Reprovação,Total,Ensino Médio,4.8
2706307,Palmeira dos Índios,2022,censo_demografico,Pessoas Alfabetizadas,Não se aplica,Pessoas de 15 anos ou mais de idade,45482.0
2706307,Palmeira dos Índios,2022,censo_demografico,Pessoas Total,Não se aplica,Pessoas de 15 anos ou mais de idade,56031.0
2706307,Palmeira dos Índios,2022,censo_demografico,Taxa de Alfabetização,Não se aplica,Pessoas de 15 anos ou mais de idade,81.172922132391
2706307,Palmeira dos Índios,2022,censo_demografico,Taxa de Analfabetismo,Não se aplica,Pessoas de 15 anos ou mais de idade,18.82707786760901
2706307,Palmeira dos Índios,2023,censo_escolar,Escolas,Estadual,Educação Infantil,6.0
2706307,Palmeira dos Índios,2023,censo_escolar,Escolas,Estadual,Educação Profissional,7.0
2706307,Palmeira dos Índios,2023,censo_escolar,Escolas,Estadual,Educação de Jovens e Adultos (EJA),12.0
2706307,Palmeira dos Índios,2023,censo_escolar,Escolas,Estadual,Ensino Fundamental,15.0
2706307,Palmeira dos Índios,2023,censo_escolar,Escolas,Estadual,Ensino Médio,15.0
2706307,Palmeira dos Índios,2023,censo_escolar,Escolas,Federal,Educação Infantil,0.0
2706307,Palmeira dos Índios,2023,censo_escolar,Escolas,Federal,Educação Profissional,1.0
2706307,Palmeira dos Índios,2023,censo_escolar,Escolas,Federal,Educação de Jovens e Adultos (EJA),0.0
2706307,Palmeira dos Índios,2023,censo_escolar,Escolas,Federal,Ensino Fundamental,0.0
2706307,Palmeira dos Índios,2023,censo_escolar,Escolas,Federal,Ensino Médio,1.0
2706307,Palmeira dos Índios,2023,censo_escolar,Escolas,Municipal,Educação Infantil,22.0
2706307,Palmeira dos Índios,2023,censo_escolar,Escolas,Municipal,Educação Profissional,0.0
2706307,Palmeira dos Índios,2023,censo_escolar,Escolas,Municipal,Educação de Jovens e Adultos (EJA),19.0
2706307,Palmeira dos Índios,2023,censo_escolar,Escolas,Municipal,Ensino Fundamental,25.0
2706307,Palmeira dos Índios,2023,censo_escolar,Escolas,Municipal,Ensino Médio,0.0
2706307,Palmeira dos Índios,2023,censo_escolar,Escolas,Privada,Educação Infantil,10.0
2706307,Palmeira dos Índios,2023,censo_escolar,Escolas,Privada,Educação Profissional,4.0
2706307,Palmeira dos Índios,2023,censo_escolar,Escolas,Privada,Educação de Jovens e Adultos (EJA),0.0
2706307,Palmeira dos Índios,2023,censo_escolar,Escolas,Privada,Ensino Fundamental,10.0
2706307,Palmeira dos Índios,2023,censo_escolar,Escolas,Privada,Ensino Médio,4.0
2706307,Palmeira dos Índios,2023,censo_escolar,Escolas,Pública,Educação Infantil,28.0
2706307,Palmeira dos Índios,2023,censo_escolar,Escolas,Pública,Educação Profissional,8.0
2706307,Palmeira dos Índios,2023,censo_escolar,Escolas,Pública,Educação de Jovens e Adultos (EJA),31.0
2706307,Palmeira dos Índios,2023,censo_escolar,Escolas,Pública,Ensino Fundamental,40.0
2706307,Palmeira dos Índios,2023,censo_escolar,Escolas,Pública,Ensino Médio,16.0
2706307,Palmeira dos Índios,2023,censo_escolar,Escolas,Total,Educação Infantil,38.0
2706307,Palmeira dos Índios,2023,censo_escolar,Escolas,Total,Educação Profissional,12.0
2706307,Palmeira dos Índios,2023,censo_escolar,Escolas,Total,Educação de Jovens e Adultos (EJA),31.0
2706307,Palmeira dos Índios,2023,censo_escolar,Escolas,Total,Ensino Fundamental,50.0
2706307,Palmeira dos Índios,2023,censo_escolar,Escolas,Total,Ensino Médio,20.0
2706307,Palmeira dos Índios,2023,censo_escolar,Matrícula,Estadual,Educação Infantil,164.0
2706307,Palmeira dos Índios,2023,censo_escolar,Matrícula,Estadual,Educação Profissional,458.0
2706307,Palmeira dos Índios,2023,censo_escolar,Matrícula,Estadual,Educação de Jovens e Adultos (EJA),1078.0
2706307,Palmeira dos Índios,2023,censo_escolar,Matrícula,Estadual,Ensino Fundamental,1522.0
2706307,Palmeira dos Índios,2023,censo_escolar,Matrícula,Estadual,Ensino Médio,2155.0
2706307,Palmeira dos Índios,2023,censo_escolar,Matrícula,Federal,Educação Infantil,0.0
2706307,Palmeira dos Índios,2023,censo_escolar,Matrícula,Federal,Educação Profissional,1070.0
2706307,Palmeira dos Índios,2023,censo_escolar,Matrícula,Federal,Educação de Jovens e Adultos (EJA),0.0
2706307,Palmeira dos Índios,2023,censo_escolar,Matrícula,Federal,Ensino Fundamental,0.0
2706307,Palmeira dos Índios,2023,censo_escolar,Matrícula,Federal,Ensino Médio,972.0
2706307,Palmeira dos Índios,2023,censo_escolar,Matrícula,Municipal,Educação Infantil,2920.0
2706307,Palmeira dos Índios,2023,censo_escolar,Matrícula,Municipal,Educação Profissional,0.0
2706307,Palmeira dos Índios,2023,censo_escolar,Matrícula,Municipal,Educação de Jovens e Adultos (EJA),1620.0
2706307,Palmeira dos Índios,2023,censo_escolar,Matrícula,Municipal,Ensino Fundamental,6155.0
2706307,Palmeira dos Índios,2023,censo_escolar,Matrícula,Municipal,Ensino Médio,0.0
2706307,Palmeira dos Índios,2023,censo_escolar,Matrícula,Privada,Educação Infantil,1015.0
2706307,Palmeira dos Índios,2023,censo_escolar,Matrícula,Privada,Educação Profissional,723.0
2706307,Palmeira dos Índios,2023,censo_escolar,Matrícula,Privada,Educação de Jovens e Adultos (EJA),0.0
2706307,Palmeira dos Índios,2023,censo_escolar,Matrícula,Privada,Ensino Fundamental,2551.0
2706307,Palmeira dos Índios,2023,censo_escolar,Matrícula,Privada,Ensino Médio,558.0
2706307,Palmeira dos Índios,2023,censo_escolar,Matrícula,Pública,Educação Infantil,3084.0
2706307,Palmeira dos Índios,2023,censo_escolar,Matrícula,Pública,Educação Profissional,1528.0
2706307,Palmeira dos Índios,2023,censo_escolar,Matrícula,Pública,Educação de Jovens e Adultos (EJA),2698.0
2706307,Palmeira dos Índios,2023,censo_escolar,Matrícula,Pública,Ensino Fundamental,7677.0
2706307,Palmeira dos Índios,2023,censo_escolar,Matrícula,Pública,Ensino Médio,3127.0
2706307,Palmeira dos Índios,2023,censo_escolar,Matrícula,Total,Educação Infantil,4099.0
2706307,Palmeira dos Índios,2023,censo_escolar,Matrícula,Total,Educação Profissional,2251.0
2706307,Palmeira dos Índios,2023,censo_escolar,Matrícula,Total,Educação de Jovens e Adultos (EJA),2698.0
2706307,Palmeira dos Índios,2023,censo_escolar,Matrícula,Total,Ensino Fundamental,10228.0
2706307,Palmeira dos Índios,2023,censo_escolar,Matrícula,Total,Ensino Médio,3685.0
2706307,Palmeira dos Índios,2023,indicadores_rendimento,Taxa de Abandono,Estadual,Ensino Fundamental,0.1
2706307,Palmeira dos Índios,2023,indicadores_rendimento,Taxa de Abandono,Estadual,Ensino Médio,0.9
2706307,Palmeira dos Índios,2023,indicadores_rendimento,Taxa de Abandono,Federal,Ensino Fundamental,0.0
2706307,Palmeira dos Índios,2023,indicadores_rendimento,Taxa de Abandono,Federal,Ensino Médio,0.4
2706307,Palmeira dos Índios,2023,indicadores_rendimento,Taxa de Abandono,Municipal,Ensino Fundamental,0.1
2706307,Palmeira dos Índios,2023,indicadores_rendimento,Taxa de Abandono,Municipal,Ensino Médio,0.0
2706307,Palmeira dos Índios,2023,indicadores_rendimento,Taxa de Abandono,Privada,Ensino Fundamental,0.0
2706307,Palmeira dos Índios,2023,indicadores_rendimento,Taxa de Abandono,Privada,Ensino Médio,0.2
2706307,Palmeira dos Índios,2023,indicadores_rendimento,Taxa de Abandono,Pública,Ensino Fundamental,0.2
2706307,Palmeira dos Índios,2023,indicadores_rendimento,Taxa de Abandono,Pública,Ensino Médio,0.8
2706307,Palmeira dos Índios,2023,indicadores_rendimento,Taxa de Abandono,Total,Ensino Fundamental,0.2
2706307,Palmeira dos Índios,2023,indicadores_rendimento,Taxa de Abandono,Total,Ensino Médio,0.7
2706307,Palmeira dos Índios,2023,indicadores_rendimento,Taxa de Aprovação,Estadual,Ensino Fundamental,99.6
2706307,Palmeira dos Índios,2023,indicadores_rendimento,Taxa de Aprovação,Estadual,Ensino Médio,98.8
2706307,Palmeira dos Índios,2023,indicadores_rendimento,Taxa de Aprovação,Federal,Ensino Fundamental,0.0
2706307,Palmeira dos Índios,2023,indicadores_rendimento,Taxa de Aprovação,Federal,Ensino Médio,70.5
2706307,Palmeira dos Índios,2023,indicadores_rendimento,Taxa de Aprovação,Municipal,Ensino Fundamental,99.3
2706307,Palmeira dos Índios,2023,indicadores_rendimento,Taxa de Aprovação,Municipal,Ensino Médio,0.0
2706307,Palmeira dos Índios,2023,indicadores_rendimento,Taxa de Aprovação,Privada,Ensino Fundamental,99.4
2706307,Palmeira dos Índios,2023,indicadores_rendimento,Taxa de Aprovação,Privada,Ensino Médio,96.6
2706307,Palmeira dos Índios,2023,indicadores_rendimento,Taxa de Aprovação,Pública,Ensino Fundamental,99.3
2706307,Palmeira dos Índios,2023,indicadores_rendimento,Taxa de Aprovação,Pública,Ensino Médio,89.9
2706307,Palmeira dos Índios,2023,indicadores_rendimento,Taxa de Aprovação,Total,Ensino Fundamental,99.3
2706307,Palmeira dos Índios,2023,indicadores_rendimento,Taxa de Aprovação,Total,Ensino Médio,90.9
2706307,Palmeira dos Índios,2023,indicadores_rendimento,Taxa de Reprovação,Estadual,Ensino Fundamental,0.3
2706307,Palmeira dos Índios,2023,indicadores_rendimento,Taxa de Reprovação,Estadual,Ensino Médio,0.3
2706307,Palmeira dos Índios,2023,indicadores_rendimento,Taxa de Reprovação,Federal,Ensino Fundamental,0.0
2706307,Palmeira dos Índios,2023,indicadores_rendimento,Taxa de Reprovação,Federal,Ensino Médio,29.1
2706307,Palmeira dos Índios,2023,indicadores_rendimento,Taxa de Reprovação,Municipal,Ensino Fundamental,0.6
2706307,Palmeira dos Índios,2023,indicadores_rendimento,Taxa de Reprovação,Municipal,Ensino Médio,0.0
2706307,Palmeira dos Índios,2023,indicadores_rendimento,Taxa de Reprovação,Privada,Ensino Fundamental,0.6
2706307,Palmeira dos Índios,2023,indicadores_rendimento,Taxa de Reprovação,Privada,Ensino Médio,3.2
2706307,Palmeira dos Índios,2023,indicadores_rendimento,Taxa de Reprovação,Pública,Ensino Fundamental,0.5
2706307,Palmeira dos Índios,2023,indicadores_rendimento,Taxa de Reprovação,Pública,Ensino Médio,9.3
2706307,Palmeira dos Índios,2023,indicadores_rendimento,Taxa de Reprovação,Total,Ensino Fundamental,0.5
2706307,Palmeira dos Índios,2023,indicadores_rendimento,Taxa de Reprovação,Total,Ensino Médio,8.4
2706703,Penedo,2010,censo_demografico,Pessoas Alfabetizadas,Não se aplica,Pessoas de 15 anos ou mais de idade,33185.0
2706703,Penedo,2010,censo_demografico,Pessoas Total,Não se aplica,Pessoas de 15 anos ou mais de idade,43003.0
2706703,Penedo,2010,censo_demografico,Taxa de Alfabetização,Não se aplica,Pessoas de 15 anos ou mais de idade,77.16903471850802
2706703,Penedo,2010,censo_demografico,Taxa de Analfabetismo,Não se aplica,Pessoas de 15 anos ou mais de idade,22.830965281491984
2706703,Penedo,2010,censo_escolar,Escolas,Estadual,Educação Infantil,0.0
2706703,Penedo,2010,censo_escolar,Escolas,Estadual,Educação Profissional,1.0
2706703,Penedo,2010,censo_escolar,Escolas,Estadual,Educação de Jovens e Adultos (EJA),5.0
2706703,Penedo,2010,censo_escolar,Escolas,Estadual,Ensino Fundamental,11.0
2706703,Penedo,2010,censo_escolar,Escolas,Estadual,Ensino Médio,3.0
2706703,Penedo,2010,censo_escolar,Escolas,Municipal,Educação Infantil,30.0
2706703,Penedo,2010,censo_escolar,Escolas,Municipal,Educação Profissional,0.0
2706703,Penedo,2010,censo_escolar,Escolas,Municipal,Educação de Jovens e Adultos (EJA),16.0
2706703,Penedo,2010,censo_escolar,Escolas,Municipal,Ensino Fundamental,26.0
2706703,Penedo,2010,censo_escolar,Escolas,Municipal,Ensino Médio,0.0
2706703,Penedo,2010,censo_escolar,Escolas,Privada,Educação Infantil,9.0
2706703,Penedo,2010,censo_escolar,Escolas,Privada,Educação Profissional,1.0
2706703,Penedo,2010,censo_escolar,Escolas,Privada,Educação de Jovens e Adultos (EJA),0.0
2706703,Penedo,2010,censo_escolar,Escolas,Privada,Ensino Fundamental,8.0
2706703,Penedo,2010,censo_escolar,Escolas,Privada,Ensino Médio,5.0
2706703,Penedo,2010,censo_escolar,Escolas,Pública,Educação Infantil,30.0
2706703,Penedo,2010,censo_escolar,Escolas,Pública,Educação Profissional,1.0
2706703,Penedo,2010,censo_escolar,Escolas,Pública,Educação de Jovens e Adultos (EJA),21.0
2706703,Penedo,2010,censo_escolar,Escolas,Pública,Ensino Fundamental,37.0
2706703,Penedo,2010,censo_escolar,Escolas,Pública,Ensino Médio,3.0
2706703,Penedo,2010,censo_escolar,Escolas,Total,Educação Infantil,39.0
2706703,Penedo,2010,censo_escolar,Escolas,Total,Educação Profissional,2.0
2706703,Penedo,2010,censo_escolar,Escolas,Total,Educação de Jovens e Adultos (EJA),21.0
2706703,Penedo,2010,censo_escolar,Escolas,Total,Ensino Fundamental,45.0
2706703,Penedo,2010,censo_escolar,Escolas,Total,Ensino Médio,8.0
2706703,Penedo,2010,censo_escolar,Matrícula,Estadual,Educação Infantil,0.0
2706703,Penedo,2010,censo_escolar,Matrícula,Estadual,Educação Profissional,310.0
2706703,Penedo,2010,censo_escolar,Matrícula,Estadual,Educação de Jovens e Adultos (EJA),674.0
2706703,Penedo,2010,censo_escolar,Matrícula,Estadual,Ensino Fundamental,3352.0
2706703,Penedo,2010,censo_escolar,Matrícula,Estadual,Ensino Médio,2867.0
2706703,Penedo,2010,censo_escolar,Matrícula,Municipal,Educação Infantil,1656.0
2706703,Penedo,2010,censo_escolar,Matrícula,Municipal,Educação Profissional,0.0
2706703,Penedo,2010,censo_escolar,Matrícula,Municipal,Educação de Jovens e Adultos (EJA),594.0
2706703,Penedo,2010,censo_escolar,Matrícula,Municipal,Ensino Fundamental,7396.0
2706703,Penedo,2010,censo_escolar,Matrícula,Municipal,Ensino Médio,0.0
2706703,Penedo,2010,censo_escolar,Matrícula,Privada,Educação Infantil,403.0
2706703,Penedo,2010,censo_escolar,Matrícula,Privada,Educação Profissional,246.0
2706703,Penedo,2010,censo_escolar,Matrícula,Privada,Educação de Jovens e Adultos (EJA),0.0
2706703,Penedo,2010,censo_escolar,Matrícula,Privada,Ensino Fundamental,1366.0
2706703,Penedo,2010,censo_escolar,Matrícula,Privada,Ensino Médio,428.0
2706703,Penedo,2010,censo_escolar,Matrícula,Pública,Educação Infantil,1656.0
2706703,Penedo,2010,censo_escolar,Matrícula,Pública,Educação Profissional,310.0
2706703,Penedo,2010,censo_escolar,Matrícula,Pública,Educação de Jovens e Adultos (EJA),1268.0
2706703,Penedo,2010,censo_escolar,Matrícula,Pública,Ensino Fundamental,10748.0
2706703,Penedo,2010,censo_escolar,Matrícula,Pública,Ensino Médio,2867.0
2706703,Penedo,2010,censo_escolar,Matrícula,Total,Educação Infantil,2059.0
2706703,Penedo,2010,censo_escolar,Matrícula,Total,Educação Profissional,556.0
2706703,Penedo,2010,censo_escolar,Matrícula,Total,Educação de Jovens e Adultos (EJA),1268.0
2706703,Penedo,2010,censo_escolar,Matrícula,Total,Ensino Fundamental,12114.0
2706703,Penedo,2010,censo_escolar,Matrícula,Total,Ensino Médio,3295.0
2706703,Penedo,2010,indicadores_rendimento,Taxa de Abandono,Estadual,Ensino Fundamental,9.6
2706703,Penedo,2010,indicadores_rendimento,Taxa de Abandono,Estadual,Ensino Médio,21.2
2706703,Penedo,2010,indicadores_rendimento,Taxa de Abandono,Municipal,Ensino Fundamental,2.8
2706703,Penedo,2010,indicadores_rendimento,Taxa de Abandono,Municipal,Ensino Médio,0.0
2706703,Penedo,2010,indicadores_rendimento,Taxa de Abandono,Privada,Ensino Fundamental,0.0
2706703,Penedo,2010,indicadores_rendimento,Taxa de Abandono,Privada,Ensino Médio,1.7
2706703,Penedo,2010,indicadores_rendimento,Taxa de Abandono,Pública,Ensino Fundamental,3.5
2706703,Penedo,2010,indicadores_rendimento,Taxa de Abandono,Pública,Ensino Médio,21.2
2706703,Penedo,2010,indicadores_rendimento,Taxa de Abandono,Total,Ensino Fundamental,3.0
2706703,Penedo,2010,indicadores_rendimento,Taxa de Abandono,Total,Ensino Médio,18.5
2706703,Penedo,2010,indicadores_rendimento,Taxa de Aprovação,Estadual,Ensino Fundamental,90.4
2706703,Penedo,2010,indicadores_rendimento,Taxa de Aprovação,Estadual,Ensino Médio,67.4
2706703,Penedo,2010,indicadores_rendimento,Taxa de Aprovação,Municipal,Ensino Fundamental,97.2
2706703,Penedo,2010,indicadores_rendimento,Taxa de Aprovação,Municipal,Ensino Médio,0.0
2706703,Penedo,2010,indicadores_rendimento,Taxa de Aprovação,Privada,Ensino Fundamental,100.0
2706703,Penedo,2010,indicadores_rendimento,Taxa de Aprovação,Privada,Ensino Médio,82.1
2706703,Penedo,2010,indicadores_rendimento,Taxa de Aprovação,Pública,Ensino Fundamental,96.5
2706703,Penedo,2010,indicadores_rendimento,Taxa de Aprovação,Pública,Ensino Médio,67.4
2706703,Penedo,2010,indicadores_rendimento,Taxa de Aprovação,Total,Ensino Fundamental,97.0
2706703,Penedo,2010,indicadores_rendimento,Taxa de Aprovação,Total,Ensino Médio,69.4
2706703,Penedo,2010,indicadores_rendimento,Taxa de Reprovação,Estadual,Ensino Fundamental,0.0
2706703,Penedo,2010,indicadores_rendimento,Taxa de Reprovação,Estadual,Ensino Médio,11.4
2706703,Penedo,2010,indicadores_rendimento,Taxa de Reprovação,Municipal,Ensino Fundamental,0.0
2706703,Penedo,2010,indicadores_rendimento,Taxa de Reprovação,Municipal,Ensino Médio,0.0
2706703,Penedo,2010,indicadores_rendimento,Taxa de Reprovação,Privada,Ensino Fundamental,0.0
2706703,Penedo,2010,indicadores_rendimento,Taxa de Reprovação,Privada,Ensino Médio,16.2
2706703,Penedo,2010,indicadores_rendimento,Taxa de Reprovação,Pública,Ensino Fundamental,0.0
2706703,Penedo,2010,indicadores_rendimento,Taxa de Reprovação,Pública,Ensino Médio,11.4
2706703,Penedo,2010,indicadores_rendimento,Taxa de Reprovação,Total,Ensino Fundamental,0.0
2706703,Penedo,2010,indicadores_rendimento,Taxa de Reprovação,Total,Ensino Médio,12.1
2706703,Penedo,2019,censo_escolar,Escolas,Estadual,Educação Infantil,0.0
2706703,Penedo,2019,censo_escolar,Escolas,Estadual,Educação Profissional,1.0
2706703,Penedo,2019,censo_escolar,Escolas,Estadual,Educação de Jovens e Adultos (EJA),3.0
2706703,Penedo,2019,censo_escolar,Escolas,Estadual,Ensino Fundamental,6.0
2706703,Penedo,2019,censo_escolar,Escolas,Estadual,Ensino Médio,5.0
2706703,Penedo,2019,censo_escolar,Escolas,Federal,Educação Infantil,0.0
2706703,Penedo,2019,censo_escolar,Escolas,Federal,Educação Profissional,1.0
2706703,Penedo,2019,censo_escolar,Escolas,Federal,Educação de Jovens e Adultos (EJA),0.0
2706703,Penedo,2019,censo_escolar,Escolas,Federal,Ensino Fundamental,0.0
2706703,Penedo,2019,censo_escolar,Escolas,Federal,Ensino Médio,1.0
2706703,Penedo,2019,censo_escolar,Escolas,Municipal,Educação Infantil,28.0
2706703,Penedo,2019,censo_escolar,Escolas,Municipal,Educação Profissional,0.0
2706703,Penedo,2019,censo_escolar,Escolas,Municipal,Educação de Jovens e Adultos (EJA),4.0
2706703,Penedo,2019,censo_escolar,Escolas,Municipal,Ensino Fundamental,23.0
2706703,Penedo,2019,censo_escolar,Escolas,Municipal,Ensino Médio,0.0
2706703,Penedo,2019,censo_escolar,Escolas,Privada,Educação Infantil,11.0
2706703,Penedo,2019,censo_escolar,Escolas,Privada,Educação Profissional,1.0
2706703,Penedo,2019,censo_escolar,Escolas,Privada,Educação de Jovens e Adultos (EJA),0.0
2706703,Penedo,2019,censo_escolar,Escolas,Privada,Ensino Fundamental,11.0
2706703,Penedo,2019,censo_escolar,Escolas,Privada,Ensino Médio,6.0
2706703,Penedo,2019,censo_escolar,Escolas,Pública,Educação Infantil,28.0
2706703,Penedo,2019,censo_escolar,Escolas,Pública,Educação Profissional,2.0
2706703,Penedo,2019,censo_escolar,Escolas,Pública,Educação de Jovens e Adultos (EJA),7.0
2706703,Penedo,2019,censo_escolar,Escolas,Pública,Ensino Fundamental,29.0
2706703,Penedo,2019,censo_escolar,Escolas,Pública,Ensino Médio,6.0
2706703,Penedo,2019,censo_escolar,Escolas,Total,Educação Infantil,39.0
2706703,Penedo,2019,censo_escolar,Escolas,Total,Educação Profissional,3.0
2706703,Penedo,2019,censo_escolar,Escolas,Total,Educação de Jovens e Adultos (EJA),7.0
2706703,Penedo,2019,censo_escolar,Escolas,Total,Ensino Fundamental,40.0
2706703,Penedo,2019,censo_escolar,Escolas,Total,Ensino Médio,12.0
2706703,Penedo,2019,censo_escolar,Matrícula,Estadual,Educação Infantil,0.0
2706703,Penedo,2019,censo_escolar,Matrícula,Estadual,Educação Profissional,262.0
2706703,Penedo,2019,censo_escolar,Matrícula,Estadual,Educação de Jovens e Adultos (EJA),577.0
2706703,Penedo,2019,censo_escolar,Matrícula,Estadual,Ensino Fundamental,1370.0
2706703,Penedo,2019,censo_escolar,Matrícula,Estadual,Ensino Médio,1689.0
2706703,Penedo,2019,censo_escolar,Matrícula,Federal,Educação Infantil,0.0
2706703,Penedo,2019,censo_escolar,Matrícula,Federal,Educação Profissional,651.0
2706703,Penedo,2019,censo_escolar,Matrícula,Federal,Educação de Jovens e Adultos (EJA),0.0
2706703,Penedo,2019,censo_escolar,Matrícula,Federal,Ensino Fundamental,0.0
2706703,Penedo,2019,censo_escolar,Matrícula,Federal,Ensino Médio,537.0
2706703,Penedo,2019,censo_escolar,Matrícula,Municipal,Educação Infantil,1691.0
2706703,Penedo,2019,censo_escolar,Matrícula,Municipal,Educação Profissional,0.0
2706703,Penedo,2019,censo_escolar,Matrícula,Municipal,Educação de Jovens e Adultos (EJA),245.0
2706703,Penedo,2019,censo_escolar,Matrícula,Municipal,Ensino Fundamental,6010.0
2706703,Penedo,2019,censo_escolar,Matrícula,Municipal,Ensino Médio,0.0
2706703,Penedo,2019,censo_escolar,Matrícula,Privada,Educação Infantil,675.0
2706703,Penedo,2019,censo_escolar,Matrícula,Privada,Educação Profissional,112.0
2706703,Penedo,2019,censo_escolar,Matrícula,Privada,Educação de Jovens e Adultos (EJA),0.0
2706703,Penedo,2019,censo_escolar,Matrícula,Privada,Ensino Fundamental,1587.0
2706703,Penedo,2019,censo_escolar,Matrícula,Privada,Ensino Médio,315.0
2706703,Penedo,2019,censo_escolar,Matrícula,Pública,Educação Infantil,1691.0
2706703,Penedo,2019,censo_escolar,Matrícula,Pública,Educação Profissional,913.0
2706703,Penedo,2019,censo_escolar,Matrícula,Pública,Educação de Jovens e Adultos (EJA),822.0
2706703,Penedo,2019,censo_escolar,Matrícula,Pública,Ensino Fundamental,7380.0
2706703,Penedo,2019,censo_escolar,Matrícula,Pública,Ensino Médio,2226.0
2706703,Penedo,2019,censo_escolar,Matrícula,Total,Educação Infantil,2366.0
2706703,Penedo,2019,censo_escolar,Matrícula,Total,Educação Profissional,1025.0
2706703,Penedo,2019,censo_escolar,Matrícula,Total,Educação de Jovens e Adultos (EJA),822.0
2706703,Penedo,2019,censo_escolar,Matrícula,Total,Ensino Fundamental,8967.0
2706703,Penedo,2019,censo_escolar,Matrícula,Total,Ensino Médio,2541.0
2706703,Penedo,2019,indicadores_rendimento,Taxa de Abandono,Estadual,Ensino Fundamental,0.2
2706703,Penedo,2019,indicadores_rendimento,Taxa de Abandono,Estadual,Ensino Médio,2.3
2706703,Penedo,2019,indicadores_rendimento,Taxa de Abandono,Federal,Ensino Fundamental,0.0
2706703,Penedo,2019,indicadores_rendimento,Taxa de Abandono,Federal,Ensino Médio,9.4
2706703,Penedo,2019,indicadores_rendimento,Taxa de Abandono,Municipal,Ensino Fundamental,0.1
2706703,Penedo,2019,indicadores_rendimento,Taxa de Abandono,Municipal,Ensino Médio,0.0
2706703,Penedo,2019,indicadores_rendimento,Taxa de Abandono,Privada,Ensino Fundamental,0.1
2706703,Penedo,2019,indicadores_rendimento,Taxa de Abandono,Privada,Ensino Médio,0.7
2706703,Penedo,2019,indicadores_rendimento,Taxa de Abandono,Pública,Ensino Fundamental,0.2
2706703,Penedo,2019,indicadores_rendimento,Taxa de Abandono,Pública,Ensino Médio,4.1
2706703,Penedo,2019,indicadores_rendimento,Taxa de Abandono,Total,Ensino Fundamental,0.1
2706703,Penedo,2019,indicadores_rendimento,Taxa de Abandono,Total,Ensino Médio,3.6
2706703,Penedo,2019,indicadores_rendimento,Taxa de Aprovação,Estadual,Ensino Fundamental,95.1
2706703,Penedo,2019,indicadores_rendimento,Taxa de Aprovação,Estadual,Ensino Médio,88.8
2706703,Penedo,2019,indicadores_rendimento,Taxa de Aprovação,Federal,Ensino Fundamental,0.0
2706703,Penedo,2019,indicadores_rendimento,Taxa de Aprovação,Federal,Ensino Médio,86.9
2706703,Penedo,2019,indicadores_rendimento,Taxa de Aprovação,Municipal,Ensino Fundamental,98.8
2706703,Penedo,2019,indicadores_rendimento,Taxa de Aprovação,Municipal,Ensino Médio,0.0
2706703,Penedo,2019,indicadores_rendimento,Taxa de Aprovação,Privada,Ensino Fundamental,98.6
2706703,Penedo,2019,indicadores_rendimento,Taxa de Aprovação,Privada,Ensino Médio,96.5
2706703,Penedo,2019,indicadores_rendimento,Taxa de Aprovação,Pública,Ensino Fundamental,98.1
2706703,Penedo,2019,indicadores_rendimento,Taxa de Aprovação,Pública,Ensino Médio,88.3
2706703,Penedo,2019,indicadores_rendimento,Taxa de Aprovação,Total,Ensino Fundamental,98.2
2706703,Penedo,2019,indicadores_rendimento,Taxa de Aprovação,Total,Ensino Médio,89.4
2706703,Penedo,2019,indicadores_rendimento,Taxa de Reprovação,Estadual,Ensino Fundamental,4.7
2706703,Penedo,2019,indicadores_rendimento,Taxa de Reprovação,Estadual,Ensino Médio,8.9
2706703,Penedo,2019,indicadores_rendimento,Taxa de Reprovação,Federal,Ensino Fundamental,0.0
2706703,Penedo,2019,indicadores_rendimento,Taxa de Reprovação,Federal,Ensino Médio,3.7
2706703,Penedo,2019,indicadores_rendimento,Taxa de Reprovação,Municipal,Ensino Fundamental,1.1
2706703,Penedo,2019,indicadores_rendimento,Taxa de Reprovação,Municipal,Ensino Médio,0.0
2706703,Penedo,2019,indicadores_rendimento,Taxa de Reprovação,Privada,Ensino Fundamental,1.3
2706703,Penedo,2019,indicadores_rendimento,Taxa de Reprovação,Privada,Ensino Médio,2.8
2706703,Penedo,2019,indicadores_rendimento,Taxa de Reprovação,Pública,Ensino Fundamental,1.7
2706703,Penedo,2019,indicadores_rendimento,Taxa de Reprovação,Pública,Ensino Médio,7.6
2706703,Penedo,2019,indicadores_rendimento,Taxa de Reprovação,Total,Ensino Fundamental,1.7
2706703,Penedo,2019,indicadores_rendimento,Taxa de Reprovação,Total,Ensino Médio,7.0
2706703,Penedo,2021,censo_escolar,Escolas,Estadual,Educação Infantil,0.0
2706703,Penedo,2021,censo_escolar,Escolas,Estadual,Educação Profissional,1.0
2706703,Penedo,2021,censo_escolar,Escolas,Estadual,Educação de Jovens e Adultos (EJA),2.0
2706703,Penedo,2021,censo_escolar,Escolas,Estadual,Ensino Fundamental,5.0
2706703,Penedo,2021,censo_escolar,Escolas,Estadual,Ensino Médio,5.0
2706703,Penedo,2021,censo_escolar,Escolas,Federal,Educação Infantil,0.0
2706703,Penedo,2021,censo_escolar,Escolas,Federal,Educação Profissional,1.0
2706703,Penedo,2021,censo_escolar,Escolas,Federal,Educação de Jovens e Adultos (EJA),0.0
2706703,Penedo,2021,censo_escolar,Escolas,Federal,Ensino Fundamental,0.0
2706703,Penedo,2021,censo_escolar,Escolas,Federal,Ensino Médio,1.0
2706703,Penedo,2021,censo_escolar,Escolas,Municipal,Educação Infantil,29.0
2706703,Penedo,2021,censo_escolar,Escolas,Municipal,Educação Profissional,0.0
2706703,Penedo,2021,censo_escolar,Escolas,Municipal,Educação de Jovens e Adultos (EJA),5.0
2706703,Penedo,2021,censo_escolar,Escolas,Municipal,Ensino Fundamental,24.0
2706703,Penedo,2021,censo_escolar,Escolas,Municipal,Ensino Médio,0.0
2706703,Penedo,2021,censo_escolar,Escolas,Privada,Educação Infantil,8.0
2706703,Penedo,2021,censo_escolar,Escolas,Privada,Educação Profissional,1.0
2706703,Penedo,2021,censo_escolar,Escolas,Privada,Educação de Jovens e Adultos (EJA),0.0
2706703,Penedo,2021,censo_escolar,Escolas,Privada,Ensino Fundamental,10.0
2706703,Penedo,2021,censo_escolar,Escolas,Privada,Ensino Médio,6.0
2706703,Penedo,2021,censo_escolar,Escolas,Pública,Educação Infantil,29.0
2706703,Penedo,2021,censo_escolar,Escolas,Pública,Educação Profissional,2.0
2706703,Penedo,2021,censo_escolar,Escolas,Pública,Educação de Jovens e Adultos (EJA),7.0
2706703,Penedo,2021,censo_escolar,Escolas,Pública,Ensino Fundamental,29.0
2706703,Penedo,2021,censo_escolar,Escolas,Pública,Ensino Médio,6.0
2706703,Penedo,2021,censo_escolar,Escolas,Total,Educação Infantil,37.0
2706703,Penedo,2021,censo_escolar,Escolas,Total,Educação Profissional,3.0
2706703,Penedo,2021,censo_escolar,Escolas,Total,Educação de Jovens e Adultos (EJA),7.0
2706703,Penedo,2021,censo_escolar,Escolas,Total,Ensino Fundamental,39.0
2706703,Penedo,2021,censo_escolar,Escolas,Total,Ensino Médio,12.0
2706703,Penedo,2021,censo_escolar,Matrícula,Estadual,Educação Infantil,0.0
2706703,Penedo,2021,censo_escolar,Matrícula,Estadual,Educação Profissional,178.0
2706703,Penedo,2021,censo_escolar,Matrícula,Estadual,Educação de Jovens e Adultos (EJA),310.0
2706703,Penedo,2021,censo_escolar,Matrícula,Estadual,Ensino Fundamental,1226.0
2706703,Penedo,2021,censo_escolar,Matrícula,Estadual,Ensino Médio,1767.0
2706703,Penedo,2021,censo_escolar,Matrícula,Federal,Educação Infantil,0.0
2706703,Penedo,2021,censo_escolar,Matrícula,Federal,Educação Profissional,615.0
2706703,Penedo,2021,censo_escolar,Matrícula,Federal,Educação de Jovens e Adultos (EJA),0.0
2706703,Penedo,2021,censo_escolar,Matrícula,Federal,Ensino Fundamental,0.0
2706703,Penedo,2021,censo_escolar,Matrícula,Federal,Ensino Médio,506.0
2706703,Penedo,2021,censo_escolar,Matrícula,Municipal,Educação Infantil,1948.0
2706703,Penedo,2021,censo_escolar,Matrícula,Municipal,Educação Profissional,0.0
2706703,Penedo,2021,censo_escolar,Matrícula,Municipal,Educação de Jovens e Adultos (EJA),270.0
2706703,Penedo,2021,censo_escolar,Matrícula,Municipal,Ensino Fundamental,6326.0
2706703,Penedo,2021,censo_escolar,Matrícula,Municipal,Ensino Médio,0.0
2706703,Penedo,2021,censo_escolar,Matrícula,Privada,Educação Infantil,254.0
2706703,Penedo,2021,censo_escolar,Matrícula,Privada,Educação Profissional,118.0
2706703,Penedo,2021,censo_escolar,Matrícula,Privada,Educação de Jovens e Adultos (EJA),0.0
2706703,Penedo,2021,censo_escolar,Matrícula,Privada,Ensino Fundamental,1385.0
2706703,Penedo,2021,censo_escolar,Matrícula,Privada,Ensino Médio,352.0
2706703,Penedo,2021,censo_escolar,Matrícula,Pública,Educação Infantil,1948.0
2706703,Penedo,2021,censo_escolar,Matrícula,Pública,Educação Profissional,793.0
2706703,Penedo,2021,censo_escolar,Matrícula,Pública,Educação de Jovens e Adultos (EJA),580.0
2706703,Penedo,2021,censo_escolar,Matrícula,Pública,Ensino Fundamental,7552.0
2706703,Penedo,2021,censo_escolar,Matrícula,Pública,Ensino Médio,2273.0
2706703,Penedo,2021,censo_escolar,Matrícula,Total,Educação Infantil,2202.0
2706703,Penedo,2021,censo_escolar,Matrícula,Total,Educação Profissional,911.0
2706703,Penedo,2021,censo_escolar,Matrícula,Total,Educação de Jovens e Adultos (EJA),580.0
2706703,Penedo,2021,censo_escolar,Matrícula,Total,Ensino Fundamental,8937.0
2706703,Penedo,2021,censo_escolar,Matrícula,Total,Ensino Médio,2625.0
2706703,Penedo,2021,indicadores_rendimento,Taxa de Abandono,Estadual,Ensino Fundamental,2.4
2706703,Penedo,2021,indicadores_rendimento,Taxa de Abandono,Estadual,Ensino Médio,11.9
2706703,Penedo,2021,indicadores_rendimento,Taxa de Abandono,Federal,Ensino Fundamental,0.0
2706703,Penedo,2021,indicadores_rendimento,Taxa de Abandono,Federal,Ensino Médio,7.5
2706703,Penedo,2021,indicadores_rendimento,Taxa de Abandono,Municipal,Ensino Fundamental,0.0
2706703,Penedo,2021,indicadores_rendimento,Taxa de Abandono,Municipal,Ensino Médio,0.0
2706703,Penedo,2021,indicadores_rendimento,Taxa de Abandono,Privada,Ensino Fundamental,0.0
2706703,Penedo,2021,indicadores_rendimento,Taxa de Abandono,Privada,Ensino Médio,0.6
2706703,Penedo,2021,indicadores_rendimento,Taxa de Abandono,Pública,Ensino Fundamental,0.4
2706703,Penedo,2021,indicadores_rendimento,Taxa de Abandono,Pública,Ensino Médio,10.9
2706703,Penedo,2021,indicadores_rendimento,Taxa de Abandono,Total,Ensino Fundamental,0.3
2706703,Penedo,2021,indicadores_rendimento,Taxa de Abandono,Total,Ensino Médio,9.4
2706703,Penedo,2021,indicadores_rendimento,Taxa de Aprovação,Estadual,Ensino Fundamental,97.3
2706703,Penedo,2021,indicadores_rendimento,Taxa de Aprovação,Estadual,Ensino Médio,87.3
2706703,Penedo,2021,indicadores_rendimento,Taxa de Aprovação,Federal,Ensino Fundamental,0.0
2706703,Penedo,2021,indicadores_rendimento,Taxa de Aprovação,Federal,Ensino Médio,89.5
2706703,Penedo,2021,indicadores_rendimento,Taxa de Aprovação,Municipal,Ensino Fundamental,100.0
2706703,Penedo,2021,indicadores_rendimento,Taxa de Aprovação,Municipal,Ensino Médio,0.0
2706703,Penedo,2021,indicadores_rendimento,Taxa de Aprovação,Privada,Ensino Fundamental,99.9
2706703,Penedo,2021,indicadores_rendimento,Taxa de Aprovação,Privada,Ensino Médio,99.1
2706703,Penedo,2021,indicadores_rendimento,Taxa de Aprovação,Pública,Ensino Fundamental,99.6
2706703,Penedo,2021,indicadores_rendimento,Taxa de Aprovação,Pública,Ensino Médio,87.8
2706703,Penedo,2021,indicadores_rendimento,Taxa de Aprovação,Total,Ensino Fundamental,99.6
2706703,Penedo,2021,indicadores_rendimento,Taxa de Aprovação,Total,Ensino Médio,89.4
2706703,Penedo,2021,indicadores_rendimento,Taxa de Reprovação,Estadual,Ensino Fundamental,0.3
2706703,Penedo,2021,indicadores_rendimento,Taxa de Reprovação,Estadual,Ensino Médio,0.8
2706703,Penedo,2021,indicadores_rendimento,Taxa de Reprovação,Federal,Ensino Fundamental,0.0
2706703,Penedo,2021,indicadores_rendimento,Taxa de Reprovação,Federal,Ensino Médio,3.0
2706703,Penedo,2021,indicadores_rendimento,Taxa de Reprovação,Municipal,Ensino Fundamental,0.0
2706703,Penedo,2021,indicadores_rendimento,Taxa de Reprovação,Municipal,Ensino Médio,0.0
2706703,Penedo,2021,indicadores_rendimento,Taxa de Reprovação,Privada,Ensino Fundamental,0.1
2706703,Penedo,2021,indicadores_rendimento,Taxa de Reprovação,Privada,Ensino Médio,0.3
2706703,Penedo,2021,indicadores_rendimento,Taxa de Reprovação,Pública,Ensino Fundamental,0.0
2706703,Penedo,2021,indicadores_rendimento,Taxa de Reprovação,Pública,Ensino Médio,1.3
2706703,Penedo,2021,indicadores_rendimento,Taxa de Reprovação,Total,Ensino Fundamental,0.1
2706703,Penedo,2021,indicadores_rendimento,Taxa de Reprovação,Total,Ensino Médio,1.2
2706703,Penedo,2022,censo_demografico,Pessoas Alfabetizadas,Não se aplica,Pessoas de 15 anos ou mais de idade,36957.0
2706703,Penedo,2022,censo_demografico,Pessoas Total,Não se aplica,Pessoas de 15 anos ou mais de idade,45043.0
2706703,Penedo,2022,censo_demografico,Taxa de Alfabetização,Não se aplica,Pessoas de 15 anos ou mais de idade,82.0482649912306
2706703,Penedo,2022,censo_demografico,Taxa de Analfabetismo,Não se aplica,Pessoas de 15 anos ou mais de idade,17.951735008769404
2706703,Penedo,2023,censo_escolar,Escolas,Estadual,Educação Infantil,0.0
2706703,Penedo,2023,censo_escolar,Escolas,Estadual,Educação Profissional,1.0
2706703,Penedo,2023,censo_escolar,Escolas,Estadual,Educação de Jovens e Adultos (EJA),2.0
2706703,Penedo,2023,censo_escolar,Escolas,Estadual,Ensino Fundamental,6.0
2706703,Penedo,2023,censo_escolar,Escolas,Estadual,Ensino Médio,5.0
2706703,Penedo,2023,censo_escolar,Escolas,Federal,Educação Infantil,0.0
2706703,Penedo,2023,censo_escolar,Escolas,Federal,Educação Profissional,1.0
2706703,Penedo,2023,censo_escolar,Escolas,Federal,Educação de Jovens e Adultos (EJA),0.0
2706703,Penedo,2023,censo_escolar,Escolas,Federal,Ensino Fundamental,0.0
2706703,Penedo,2023,censo_escolar,Escolas,Federal,Ensino Médio,1.0
2706703,Penedo,2023,censo_escolar,Escolas,Municipal,Educação Infantil,30.0
2706703,Penedo,2023,censo_escolar,Escolas,Municipal,Educação Profissional,0.0
2706703,Penedo,2023,censo_escolar,Escolas,Municipal,Educação de Jovens e Adultos (EJA),18.0
2706703,Penedo,2023,censo_escolar,Escolas,Municipal,Ensino Fundamental,24.0
2706703,Penedo,2023,censo_escolar,Escolas,Municipal,Ensino Médio,0.0
2706703,Penedo,2023,censo_escolar,Escolas,Privada,Educação Infantil,10.0
2706703,Penedo,2023,censo_escolar,Escolas,Privada,Educação Profissional,1.0
2706703,Penedo,2023,censo_escolar,Escolas,Privada,Educação de Jovens e Adultos (EJA),0.0
2706703,Penedo,2023,censo_escolar,Escolas,Privada,Ensino Fundamental,10.0
2706703,Penedo,2023,censo_escolar,Escolas,Privada,Ensino Médio,5.0
2706703,Penedo,2023,censo_escolar,Escolas,Pública,Educação Infantil,30.0
2706703,Penedo,2023,censo_escolar,Escolas,Pública,Educação Profissional,2.0
2706703,Penedo,2023,censo_escolar,Escolas,Pública,Educação de Jovens e Adultos (EJA),20.0
2706703,Penedo,2023,censo_escolar,Escolas,Pública,Ensino Fundamental,30.0
2706703,Penedo,2023,censo_escolar,Escolas,Pública,Ensino Médio,6.0
2706703,Penedo,2023,censo_escolar,Escolas,Total,Educação Infantil,40.0
2706703,Penedo,2023,censo_escolar,Escolas,Total,Educação Profissional,3.0
2706703,Penedo,2023,censo_escolar,Escolas,Total,Educação de Jovens e Adultos (EJA),20.0
2706703,Penedo,2023,censo_escolar,Escolas,Total,Ensino Fundamental,40.0
2706703,Penedo,2023,censo_escolar,Escolas,Total,Ensino Médio,11.0
2706703,Penedo,2023,censo_escolar,Matrícula,Estadual,Educação Infantil,0.0
2706703,Penedo,2023,censo_escolar,Matrícula,Estadual,Educação Profissional,46.0
2706703,Penedo,2023,censo_escolar,Matrícula,Estadual,Educação de Jovens e Adultos (EJA),830.0
2706703,Penedo,2023,censo_escolar,Matrícula,Estadual,Ensino Fundamental,1136.0
2706703,Penedo,2023,censo_escolar,Matrícula,Estadual,Ensino Médio,1846.0
2706703,Penedo,2023,censo_escolar,Matrícula,Federal,Educação Infantil,0.0
2706703,Penedo,2023,censo_escolar,Matrícula,Federal,Educação Profissional,529.0
2706703,Penedo,2023,censo_escolar,Matrícula,Federal,Educação de Jovens e Adultos (EJA),0.0
2706703,Penedo,2023,censo_escolar,Matrícula,Federal,Ensino Fundamental,0.0
2706703,Penedo,2023,censo_escolar,Matrícula,Federal,Ensino Médio,402.0
2706703,Penedo,2023,censo_escolar,Matrícula,Municipal,Educação Infantil,2242.0
2706703,Penedo,2023,censo_escolar,Matrícula,Municipal,Educação Profissional,0.0
2706703,Penedo,2023,censo_escolar,Matrícula,Municipal,Educação de Jovens e Adultos (EJA),1116.0
2706703,Penedo,2023,censo_escolar,Matrícula,Municipal,Ensino Fundamental,5983.0
2706703,Penedo,2023,censo_escolar,Matrícula,Municipal,Ensino Médio,0.0
2706703,Penedo,2023,censo_escolar,Matrícula,Privada,Educação Infantil,542.0
2706703,Penedo,2023,censo_escolar,Matrícula,Privada,Educação Profissional,221.0
2706703,Penedo,2023,censo_escolar,Matrícula,Privada,Educação de Jovens e Adultos (EJA),0.0
2706703,Penedo,2023,censo_escolar,Matrícula,Privada,Ensino Fundamental,1482.0
2706703,Penedo,2023,censo_escolar,Matrícula,Privada,Ensino Médio,368.0
2706703,Penedo,2023,censo_escolar,Matrícula,Pública,Educação Infantil,2242.0
2706703,Penedo,2023,censo_escolar,Matrícula,Pública,Educação Profissional,575.0
2706703,Penedo,2023,censo_escolar,Matrícula,Pública,Educação de Jovens e Adultos (EJA),1946.0
2706703,Penedo,2023,censo_escolar,Matrícula,Pública,Ensino Fundamental,7119.0
2706703,Penedo,2023,censo_escolar,Matrícula,Pública,Ensino Médio,2248.0
2706703,Penedo,2023,censo_escolar,Matrícula,Total,Educação Infantil,2784.0
2706703,Penedo,2023,censo_escolar,Matrícula,Total,Educação Profissional,796.0
2706703,Penedo,2023,censo_escolar,Matrícula,Total,Educação de Jovens e Adultos (EJA),1946.0
2706703,Penedo,2023,censo_escolar,Matrícula,Total,Ensino Fundamental,8601.0
2706703,Penedo,2023,censo_escolar,Matrícula,Total,Ensino Médio,2616.0
2706703,Penedo,2023,indicadores_rendimento,Taxa de Abandono,Estadual,Ensino Fundamental,1.6
2706703,Penedo,2023,indicadores_rendimento,Taxa de Abandono,Estadual,Ensino Médio,4.6
2706703,Penedo,2023,indicadores_rendimento,Taxa de Abandono,Federal,Ensino Fundamental,0.0
2706703,Penedo,2023,indicadores_rendimento,Taxa de Abandono,Federal,Ensino Médio,2.1
2706703,Penedo,2023,indicadores_rendimento,Taxa de Abandono,Municipal,Ensino Fundamental,0.0
2706703,Penedo,2023,indicadores_rendimento,Taxa de Abandono,Municipal,Ensino Médio,0.0
2706703,Penedo,2023,indicadores_rendimento,Taxa de Abandono,Privada,Ensino Fundamental,0.0
2706703,Penedo,2023,indicadores_rendimento,Taxa de Abandono,Privada,Ensino Médio,0.0
2706703,Penedo,2023,indicadores_rendimento,Taxa de Abandono,Pública,Ensino Fundamental,0.2
2706703,Penedo,2023,indicadores_rendimento,Taxa de Abandono,Pública,Ensino Médio,4.1
2706703,Penedo,2023,indicadores_rendimento,Taxa de Abandono,Total,Ensino Fundamental,0.2
2706703,Penedo,2023,indicadores_rendimento,Taxa de Abandono,Total,Ensino Médio,3.5
2706703,Penedo,2023,indicadores_rendimento,Taxa de Aprovação,Estadual,Ensino Fundamental,93.8
2706703,Penedo,2023,indicadores_rendimento,Taxa de Aprovação,Estadual,Ensino Médio,91.3
2706703,Penedo,2023,indicadores_rendimento,Taxa de Aprovação,Federal,Ensino Fundamental,0.0
2706703,Penedo,2023,indicadores_rendimento,Taxa de Aprovação,Federal,Ensino Médio,89.4
2706703,Penedo,2023,indicadores_rendimento,Taxa de Aprovação,Municipal,Ensino Fundamental,99.7
2706703,Penedo,2023,indicadores_rendimento,Taxa de Aprovação,Municipal,Ensino Médio,0.0
2706703,Penedo,2023,indicadores_rendimento,Taxa de Aprovação,Privada,Ensino Fundamental,99.0
2706703,Penedo,2023,indicadores_rendimento,Taxa de Aprovação,Privada,Ensino Médio,99.2
2706703,Penedo,2023,indicadores_rendimento,Taxa de Aprovação,Pública,Ensino Fundamental,98.8
2706703,Penedo,2023,indicadores_rendimento,Taxa de Aprovação,Pública,Ensino Médio,91.0
2706703,Penedo,2023,indicadores_rendimento,Taxa de Aprovação,Total,Ensino Fundamental,98.8
2706703,Penedo,2023,indicadores_rendimento,Taxa de Aprovação,Total,Ensino Médio,92.2
2706703,Penedo,2023,indicadores_rendimento,Taxa de Reprovação,Estadual,Ensino Fundamental,4.6
2706703,Penedo,2023,indicadores_rendimento,Taxa de Reprovação,Estadual,Ensino Médio,4.1
2706703,Penedo,2023,indicadores_rendimento,Taxa de Reprovação,Federal,Ensino Fundamental,0.0
2706703,Penedo,2023,indicadores_rendimento,Taxa de Reprovação,Federal,Ensino Médio,8.5
2706703,Penedo,2023,indicadores_rendimento,Taxa de Reprovação,Municipal,Ensino Fundamental,0.3
2706703,Penedo,2023,indicadores_rendimento,Taxa de Reprovação,Municipal,Ensino Médio,0.0
2706703,Penedo,2023,indicadores_rendimento,Taxa de Reprovação,Privada,Ensino Fundamental,1.0
2706703,Penedo,2023,indicadores_rendimento,Taxa de Reprovação,Privada,Ensino Médio,0.8
2706703,Penedo,2023,indicadores_rendimento,Taxa de Reprovação,Pública,Ensino Fundamental,1.0
2706703,Penedo,2023,indicadores_rendimento,Taxa de Reprovação,Pública,Ensino Médio,4.9
2706703,Penedo,2023,indicadores_rendimento,Taxa de Reprovação,Total,Ensino Fundamental,1.0
2706703,Penedo,2023,indicadores_rendimento,Taxa de Reprovação,Total,Ensino Médio,4.3
2706802,Piaçabuçu,2010,censo_demografico,Pessoas Alfabetizadas,Não se aplica,Pessoas de 15 anos ou mais de idade,8095.0
2706802,Piaçabuçu,2010,censo_demografico,Pessoas Total,Não se aplica,Pessoas de 15 anos ou mais de idade,11864.0
2706802,Piaçabuçu,2010,censo_demografico,Taxa de Alfabetização,Não se aplica,Pessoas de 15 anos ou mais de idade,68.23162508428861
2706802,Piaçabuçu,2010,censo_demografico,Taxa de Analfabetismo,Não se aplica,Pessoas de 15 anos ou mais de idade,31.76837491571139
2706802,Piaçabuçu,2010,censo_escolar,Escolas,Estadual,Educação Infantil,0.0
2706802,Piaçabuçu,2010,censo_escolar,Escolas,Estadual,Educação Profissional,0.0
2706802,Piaçabuçu,2010,censo_escolar,Escolas,Estadual,Educação de Jovens e Adultos (EJA),0.0
2706802,Piaçabuçu,2010,censo_escolar,Escolas,Estadual,Ensino Fundamental,1.0
2706802,Piaçabuçu,2010,censo_escolar,Escolas,Estadual,Ensino Médio,1.0
2706802,Piaçabuçu,2010,censo_escolar,Escolas,Municipal,Educação Infantil,12.0
2706802,Piaçabuçu,2010,censo_escolar,Escolas,Municipal,Educação Profissional,0.0
2706802,Piaçabuçu,2010,censo_escolar,Escolas,Municipal,Educação de Jovens e Adultos (EJA),3.0
2706802,Piaçabuçu,2010,censo_escolar,Escolas,Municipal,Ensino Fundamental,14.0
2706802,Piaçabuçu,2010,censo_escolar,Escolas,Municipal,Ensino Médio,0.0
2706802,Piaçabuçu,2010,censo_escolar,Escolas,Privada,Educação Infantil,2.0
2706802,Piaçabuçu,2010,censo_escolar,Escolas,Privada,Educação Profissional,0.0
2706802,Piaçabuçu,2010,censo_escolar,Escolas,Privada,Educação de Jovens e Adultos (EJA),0.0
2706802,Piaçabuçu,2010,censo_escolar,Escolas,Privada,Ensino Fundamental,2.0
2706802,Piaçabuçu,2010,censo_escolar,Escolas,Privada,Ensino Médio,0.0
2706802,Piaçabuçu,2010,censo_escolar,Escolas,Pública,Educação Infantil,12.0
2706802,Piaçabuçu,2010,censo_escolar,Escolas,Pública,Educação Profissional,0.0
2706802,Piaçabuçu,2010,censo_escolar,Escolas,Pública,Educação de Jovens e Adultos (EJA),3.0
2706802,Piaçabuçu,2010,censo_escolar,Escolas,Pública,Ensino Fundamental,15.0
2706802,Piaçabuçu,2010,censo_escolar,Escolas,Pública,Ensino Médio,1.0
2706802,Piaçabuçu,2010,censo_escolar,Escolas,Total,Educação Infantil,14.0
2706802,Piaçabuçu,2010,censo_escolar,Escolas,Total,Educação Profissional,0.0
2706802,Piaçabuçu,2010,censo_escolar,Escolas,Total,Educação de Jovens e Adultos (EJA),3.0
2706802,Piaçabuçu,2010,censo_escolar,Escolas,Total,Ensino Fundamental,17.0
2706802,Piaçabuçu,2010,censo_escolar,Escolas,Total,Ensino Médio,1.0
2706802,Piaçabuçu,2010,censo_escolar,Matrícula,Estadual,Educação Infantil,0.0
2706802,Piaçabuçu,2010,censo_escolar,Matrícula,Estadual,Educação Profissional,0.0
2706802,Piaçabuçu,2010,censo_escolar,Matrícula,Estadual,Educação de Jovens e Adultos (EJA),0.0
2706802,Piaçabuçu,2010,censo_escolar,Matrícula,Estadual,Ensino Fundamental,425.0
2706802,Piaçabuçu,2010,censo_escolar,Matrícula,Estadual,Ensino Médio,717.0
2706802,Piaçabuçu,2010,censo_escolar,Matrícula,Municipal,Educação Infantil,589.0
2706802,Piaçabuçu,2010,censo_escolar,Matrícula,Municipal,Educação Profissional,0.0
2706802,Piaçabuçu,2010,censo_escolar,Matrícula,Municipal,Educação de Jovens e Adultos (EJA),385.0
2706802,Piaçabuçu,2010,censo_escolar,Matrícula,Municipal,Ensino Fundamental,3258.0
2706802,Piaçabuçu,2010,censo_escolar,Matrícula,Municipal,Ensino Médio,0.0
2706802,Piaçabuçu,2010,censo_escolar,Matrícula,Privada,Educação Infantil,102.0
2706802,Piaçabuçu,2010,censo_escolar,Matrícula,Privada,Educação Profissional,0.0
2706802,Piaçabuçu,2010,censo_escolar,Matrícula,Privada,Educação de Jovens e Adultos (EJA),0.0
2706802,Piaçabuçu,2010,censo_escolar,Matrícula,Privada,Ensino Fundamental,179.0
2706802,Piaçabuçu,2010,censo_escolar,Matrícula,Privada,Ensino Médio,0.0
2706802,Piaçabuçu,2010,censo_escolar,Matrícula,Pública,Educação Infantil,589.0
2706802,Piaçabuçu,2010,censo_escolar,Matrícula,Pública,Educação Profissional,0.0
2706802,Piaçabuçu,2010,censo_escolar,Matrícula,Pública,Educação de Jovens e Adultos (EJA),385.0
2706802,Piaçabuçu,2010,censo_escolar,Matrícula,Pública,Ensino Fundamental,3683.0
2706802,Piaçabuçu,2010,censo_escolar,Matrícula,Pública,Ensino Médio,717.0
2706802,Piaçabuçu,2010,censo_escolar,Matrícula,Total,Educação Infantil,691.0
2706802,Piaçabuçu,2010,censo_escolar,Matrícula,Total,Educação Profissional,0.0
2706802,Piaçabuçu,2010,censo_escolar,Matrícula,Total,Educação de Jovens e Adultos (EJA),385.0
2706802,Piaçabuçu,2010,censo_escolar,Matrícula,Total,Ensino Fundamental,3862.0
2706802,Piaçabuçu,2010,censo_escolar,Matrícula,Total,Ensino Médio,717.0
2706802,Piaçabuçu,2010,indicadores_rendimento,Taxa de Abandono,Estadual,Ensino Fundamental,0.0
2706802,Piaçabuçu,2010,indicadores_rendimento,Taxa de Abandono,Estadual,Ensino Médio,29.3
2706802,Piaçabuçu,2010,indicadores_rendimento,Taxa de Abandono,Municipal,Ensino Fundamental,1.7
2706802,Piaçabuçu,2010,indicadores_rendimento,Taxa de Abandono,Municipal,Ensino Médio,0.0
2706802,Piaçabuçu,2010,indicadores_rendimento,Taxa de Abandono,Privada,Ensino Fundamental,16.7
2706802,Piaçabuçu,2010,indicadores_rendimento,Taxa de Abandono,Privada,Ensino Médio,0.0
2706802,Piaçabuçu,2010,indicadores_rendimento,Taxa de Abandono,Pública,Ensino Fundamental,1.7
2706802,Piaçabuçu,2010,indicadores_rendimento,Taxa de Abandono,Pública,Ensino Médio,29.3
2706802,Piaçabuçu,2010,indicadores_rendimento,Taxa de Abandono,Total,Ensino Fundamental,1.9
2706802,Piaçabuçu,2010,indicadores_rendimento,Taxa de Abandono,Total,Ensino Médio,29.3
2706802,Piaçabuçu,2010,indicadores_rendimento,Taxa de Aprovação,Estadual,Ensino Fundamental,0.0
2706802,Piaçabuçu,2010,indicadores_rendimento,Taxa de Aprovação,Estadual,Ensino Médio,68.8
2706802,Piaçabuçu,2010,indicadores_rendimento,Taxa de Aprovação,Municipal,Ensino Fundamental,85.2
2706802,Piaçabuçu,2010,indicadores_rendimento,Taxa de Aprovação,Municipal,Ensino Médio,0.0
2706802,Piaçabuçu,2010,indicadores_rendimento,Taxa de Aprovação,Privada,Ensino Fundamental,83.3
2706802,Piaçabuçu,2010,indicadores_rendimento,Taxa de Aprovação,Privada,Ensino Médio,0.0
2706802,Piaçabuçu,2010,indicadores_rendimento,Taxa de Aprovação,Pública,Ensino Fundamental,85.2
2706802,Piaçabuçu,2010,indicadores_rendimento,Taxa de Aprovação,Pública,Ensino Médio,68.8
2706802,Piaçabuçu,2010,indicadores_rendimento,Taxa de Aprovação,Total,Ensino Fundamental,85.2
2706802,Piaçabuçu,2010,indicadores_rendimento,Taxa de Aprovação,Total,Ensino Médio,68.8
2706802,Piaçabuçu,2010,indicadores_rendimento,Taxa de Reprovação,Estadual,Ensino Fundamental,0.0
2706802,Piaçabuçu,2010,indicadores_rendimento,Taxa de Reprovação,Estadual,Ensino Médio,1.9
2706802,Piaçabuçu,2010,indicadores_rendimento,Taxa de Reprovação,Municipal,Ensino Fundamental,13.1
2706802,Piaçabuçu,2010,indicadores_rendimento,Taxa de Reprovação,Municipal,Ensino Médio,0.0
2706802,Piaçabuçu,2010,indicadores_rendimento,Taxa de Reprovação,Privada,Ensino Fundamental,0.0
2706802,Piaçabuçu,2010,indicadores_rendimento,Taxa de Reprovação,Privada,Ensino Médio,0.0
2706802,Piaçabuçu,2010,indicadores_rendimento,Taxa de Reprovação,Pública,Ensino Fundamental,13.1
2706802,Piaçabuçu,2010,indicadores_rendimento,Taxa de Reprovação,Pública,Ensino Médio,1.9
2706802,Piaçabuçu,2010,indicadores_rendimento,Taxa de Reprovação,Total,Ensino Fundamental,12.9
2706802,Piaçabuçu,2010,indicadores_rendimento,Taxa de Reprovação,Total,Ensino Médio,1.9
2706802,Piaçabuçu,2019,censo_escolar,Escolas,Estadual,Educação Infantil,0.0
2706802,Piaçabuçu,2019,censo_escolar,Escolas,Estadual,Educação Profissional,0.0
2706802,Piaçabuçu,2019,censo_escolar,Escolas,Estadual,Educação de Jovens e Adultos (EJA),1.0
2706802,Piaçabuçu,2019,censo_escolar,Escolas,Estadual,Ensino Fundamental,0.0
2706802,Piaçabuçu,2019,censo_escolar,Escolas,Estadual,Ensino Médio,1.0
2706802,Piaçabuçu,2019,censo_escolar,Escolas,Municipal,Educação Infantil,10.0
2706802,Piaçabuçu,2019,censo_escolar,Escolas,Municipal,Educação Profissional,0.0
2706802,Piaçabuçu,2019,censo_escolar,Escolas,Municipal,Educação de Jovens e Adultos (EJA),4.0
2706802,Piaçabuçu,2019,censo_escolar,Escolas,Municipal,Ensino Fundamental,13.0
2706802,Piaçabuçu,2019,censo_escolar,Escolas,Municipal,Ensino Médio,0.0
2706802,Piaçabuçu,2019,censo_escolar,Escolas,Privada,Educação Infantil,2.0
2706802,Piaçabuçu,2019,censo_escolar,Escolas,Privada,Educação Profissional,0.0
2706802,Piaçabuçu,2019,censo_escolar,Escolas,Privada,Educação de Jovens e Adultos (EJA),0.0
2706802,Piaçabuçu,2019,censo_escolar,Escolas,Privada,Ensino Fundamental,2.0
2706802,Piaçabuçu,2019,censo_escolar,Escolas,Privada,Ensino Médio,0.0
2706802,Piaçabuçu,2019,censo_escolar,Escolas,Pública,Educação Infantil,10.0
2706802,Piaçabuçu,2019,censo_escolar,Escolas,Pública,Educação Profissional,0.0
2706802,Piaçabuçu,2019,censo_escolar,Escolas,Pública,Educação de Jovens e Adultos (EJA),5.0
2706802,Piaçabuçu,2019,censo_escolar,Escolas,Pública,Ensino Fundamental,13.0
2706802,Piaçabuçu,2019,censo_escolar,Escolas,Pública,Ensino Médio,1.0
2706802,Piaçabuçu,2019,censo_escolar,Escolas,Total,Educação Infantil,12.0
2706802,Piaçabuçu,2019,censo_escolar,Escolas,Total,Educação Profissional,0.0
2706802,Piaçabuçu,2019,censo_escolar,Escolas,Total,Educação de Jovens e Adultos (EJA),5.0
2706802,Piaçabuçu,2019,censo_escolar,Escolas,Total,Ensino Fundamental,15.0
2706802,Piaçabuçu,2019,censo_escolar,Escolas,Total,Ensino Médio,1.0
2706802,Piaçabuçu,2019,censo_escolar,Matrícula,Estadual,Educação Infantil,0.0
2706802,Piaçabuçu,2019,censo_escolar,Matrícula,Estadual,Educação Profissional,0.0
2706802,Piaçabuçu,2019,censo_escolar,Matrícula,Estadual,Educação de Jovens e Adultos (EJA),77.0
2706802,Piaçabuçu,2019,censo_escolar,Matrícula,Estadual,Ensino Fundamental,0.0
2706802,Piaçabuçu,2019,censo_escolar,Matrícula,Estadual,Ensino Médio,586.0
2706802,Piaçabuçu,2019,censo_escolar,Matrícula,Municipal,Educação Infantil,579.0
2706802,Piaçabuçu,2019,censo_escolar,Matrícula,Municipal,Educação Profissional,0.0
2706802,Piaçabuçu,2019,censo_escolar,Matrícula,Municipal,Educação de Jovens e Adultos (EJA),176.0
2706802,Piaçabuçu,2019,censo_escolar,Matrícula,Municipal,Ensino Fundamental,2496.0
2706802,Piaçabuçu,2019,censo_escolar,Matrícula,Municipal,Ensino Médio,0.0
2706802,Piaçabuçu,2019,censo_escolar,Matrícula,Privada,Educação Infantil,120.0
2706802,Piaçabuçu,2019,censo_escolar,Matrícula,Privada,Educação Profissional,0.0
2706802,Piaçabuçu,2019,censo_escolar,Matrícula,Privada,Educação de Jovens e Adultos (EJA),0.0
2706802,Piaçabuçu,2019,censo_escolar,Matrícula,Privada,Ensino Fundamental,163.0
2706802,Piaçabuçu,2019,censo_escolar,Matrícula,Privada,Ensino Médio,0.0
2706802,Piaçabuçu,2019,censo_escolar,Matrícula,Pública,Educação Infantil,579.0
2706802,Piaçabuçu,2019,censo_escolar,Matrícula,Pública,Educação Profissional,0.0
2706802,Piaçabuçu,2019,censo_escolar,Matrícula,Pública,Educação de Jovens e Adultos (EJA),253.0
2706802,Piaçabuçu,2019,censo_escolar,Matrícula,Pública,Ensino Fundamental,2496.0
2706802,Piaçabuçu,2019,censo_escolar,Matrícula,Pública,Ensino Médio,586.0
2706802,Piaçabuçu,2019,censo_escolar,Matrícula,Total,Educação Infantil,699.0
2706802,Piaçabuçu,2019,censo_escolar,Matrícula,Total,Educação Profissional,0.0
2706802,Piaçabuçu,2019,censo_escolar,Matrícula,Total,Educação de Jovens e Adultos (EJA),253.0
2706802,Piaçabuçu,2019,censo_escolar,Matrícula,Total,Ensino Fundamental,2659.0
2706802,Piaçabuçu,2019,censo_escolar,Matrícula,Total,Ensino Médio,586.0
2706802,Piaçabuçu,2019,indicadores_rendimento,Taxa de Abandono,Estadual,Ensino Fundamental,0.0
2706802,Piaçabuçu,2019,indicadores_rendimento,Taxa de Abandono,Estadual,Ensino Médio,6.2
2706802,Piaçabuçu,2019,indicadores_rendimento,Taxa de Abandono,Municipal,Ensino Fundamental,1.6
2706802,Piaçabuçu,2019,indicadores_rendimento,Taxa de Abandono,Municipal,Ensino Médio,0.0
2706802,Piaçabuçu,2019,indicadores_rendimento,Taxa de Abandono,Privada,Ensino Fundamental,0.0
2706802,Piaçabuçu,2019,indicadores_rendimento,Taxa de Abandono,Privada,Ensino Médio,0.0
2706802,Piaçabuçu,2019,indicadores_rendimento,Taxa de Abandono,Pública,Ensino Fundamental,1.6
2706802,Piaçabuçu,2019,indicadores_rendimento,Taxa de Abandono,Pública,Ensino Médio,6.2
2706802,Piaçabuçu,2019,indicadores_rendimento,Taxa de Abandono,Total,Ensino Fundamental,1.6
2706802,Piaçabuçu,2019,indicadores_rendimento,Taxa de Abandono,Total,Ensino Médio,6.2
2706802,Piaçabuçu,2019,indicadores_rendimento,Taxa de Aprovação,Estadual,Ensino Fundamental,0.0
2706802,Piaçabuçu,2019,indicadores_rendimento,Taxa de Aprovação,Estadual,Ensino Médio,76.1
2706802,Piaçabuçu,2019,indicadores_rendimento,Taxa de Aprovação,Municipal,Ensino Fundamental,94.4
2706802,Piaçabuçu,2019,indicadores_rendimento,Taxa de Aprovação,Municipal,Ensino Médio,0.0
2706802,Piaçabuçu,2019,indicadores_rendimento,Taxa de Aprovação,Privada,Ensino Fundamental,100.0
2706802,Piaçabuçu,2019,indicadores_rendimento,Taxa de Aprovação,Privada,Ensino Médio,0.0
2706802,Piaçabuçu,2019,indicadores_rendimento,Taxa de Aprovação,Pública,Ensino Fundamental,94.4
2706802,Piaçabuçu,2019,indicadores_rendimento,Taxa de Aprovação,Pública,Ensino Médio,76.1
2706802,Piaçabuçu,2019,indicadores_rendimento,Taxa de Aprovação,Total,Ensino Fundamental,94.7
2706802,Piaçabuçu,2019,indicadores_rendimento,Taxa de Aprovação,Total,Ensino Médio,76.1
2706802,Piaçabuçu,2019,indicadores_rendimento,Taxa de Reprovação,Estadual,Ensino Fundamental,0.0
2706802,Piaçabuçu,2019,indicadores_rendimento,Taxa de Reprovação,Estadual,Ensino Médio,17.7
2706802,Piaçabuçu,2019,indicadores_rendimento,Taxa de Reprovação,Municipal,Ensino Fundamental,4.0
2706802,Piaçabuçu,2019,indicadores_rendimento,Taxa de Reprovação,Municipal,Ensino Médio,0.0
2706802,Piaçabuçu,2019,indicadores_rendimento,Taxa de Reprovação,Privada,Ensino Fundamental,0.0
2706802,Piaçabuçu,2019,indicadores_rendimento,Taxa de Reprovação,Privada,Ensino Médio,0.0
2706802,Piaçabuçu,2019,indicadores_rendimento,Taxa de Reprovação,Pública,Ensino Fundamental,4.0
2706802,Piaçabuçu,2019,indicadores_rendimento,Taxa de Reprovação,Pública,Ensino Médio,17.7
2706802,Piaçabuçu,2019,indicadores_rendimento,Taxa de Reprovação,Total,Ensino Fundamental,3.7
2706802,Piaçabuçu,2019,indicadores_rendimento,Taxa de Reprovação,Total,Ensino Médio,17.7
2706802,Piaçabuçu,2021,censo_escolar,Escolas,Estadual,Educação Infantil,0.0
2706802,Piaçabuçu,2021,censo_escolar,Escolas,Estadual,Educação Profissional,0.0
2706802,Piaçabuçu,2021,censo_escolar,Escolas,Estadual,Educação de Jovens e Adultos (EJA),1.0
2706802,Piaçabuçu,2021,censo_escolar,Escolas,Estadual,Ensino Fundamental,0.0
2706802,Piaçabuçu,2021,censo_escolar,Escolas,Estadual,Ensino Médio,1.0
2706802,Piaçabuçu,2021,censo_escolar,Escolas,Municipal,Educação Infantil,10.0
2706802,Piaçabuçu,2021,censo_escolar,Escolas,Municipal,Educação Profissional,0.0
2706802,Piaçabuçu,2021,censo_escolar,Escolas,Municipal,Educação de Jovens e Adultos (EJA),4.0
2706802,Piaçabuçu,2021,censo_escolar,Escolas,Municipal,Ensino Fundamental,13.0
2706802,Piaçabuçu,2021,censo_escolar,Escolas,Municipal,Ensino Médio,0.0
2706802,Piaçabuçu,2021,censo_escolar,Escolas,Privada,Educação Infantil,2.0
2706802,Piaçabuçu,2021,censo_escolar,Escolas,Privada,Educação Profissional,0.0
2706802,Piaçabuçu,2021,censo_escolar,Escolas,Privada,Educação de Jovens e Adultos (EJA),0.0
2706802,Piaçabuçu,2021,censo_escolar,Escolas,Privada,Ensino Fundamental,2.0
2706802,Piaçabuçu,2021,censo_escolar,Escolas,Privada,Ensino Médio,0.0
2706802,Piaçabuçu,2021,censo_escolar,Escolas,Pública,Educação Infantil,10.0
2706802,Piaçabuçu,2021,censo_escolar,Escolas,Pública,Educação Profissional,0.0
2706802,Piaçabuçu,2021,censo_escolar,Escolas,Pública,Educação de Jovens e Adultos (EJA),5.0
2706802,Piaçabuçu,2021,censo_escolar,Escolas,Pública,Ensino Fundamental,13.0
2706802,Piaçabuçu,2021,censo_escolar,Escolas,Pública,Ensino Médio,1.0
2706802,Piaçabuçu,2021,censo_escolar,Escolas,Total,Educação Infantil,12.0
2706802,Piaçabuçu,2021,censo_escolar,Escolas,Total,Educação Profissional,0.0
2706802,Piaçabuçu,2021,censo_escolar,Escolas,Total,Educação de Jovens e Adultos (EJA),5.0
2706802,Piaçabuçu,2021,censo_escolar,Escolas,Total,Ensino Fundamental,15.0
2706802,Piaçabuçu,2021,censo_escolar,Escolas,Total,Ensino Médio,1.0
2706802,Piaçabuçu,2021,censo_escolar,Matrícula,Estadual,Educação Infantil,0.0
2706802,Piaçabuçu,2021,censo_escolar,Matrícula,Estadual,Educação Profissional,0.0
2706802,Piaçabuçu,2021,censo_escolar,Matrícula,Estadual,Educação de Jovens e Adultos (EJA),70.0
2706802,Piaçabuçu,2021,censo_escolar,Matrícula,Estadual,Ensino Fundamental,0.0
2706802,Piaçabuçu,2021,censo_escolar,Matrícula,Estadual,Ensino Médio,677.0
2706802,Piaçabuçu,2021,censo_escolar,Matrícula,Municipal,Educação Infantil,598.0
2706802,Piaçabuçu,2021,censo_escolar,Matrícula,Municipal,Educação Profissional,0.0
2706802,Piaçabuçu,2021,censo_escolar,Matrícula,Municipal,Educação de Jovens e Adultos (EJA),117.0
2706802,Piaçabuçu,2021,censo_escolar,Matrícula,Municipal,Ensino Fundamental,2483.0
2706802,Piaçabuçu,2021,censo_escolar,Matrícula,Municipal,Ensino Médio,0.0
2706802,Piaçabuçu,2021,censo_escolar,Matrícula,Privada,Educação Infantil,52.0
2706802,Piaçabuçu,2021,censo_escolar,Matrícula,Privada,Educação Profissional,0.0
2706802,Piaçabuçu,2021,censo_escolar,Matrícula,Privada,Educação de Jovens e Adultos (EJA),0.0
2706802,Piaçabuçu,2021,censo_escolar,Matrícula,Privada,Ensino Fundamental,163.0
2706802,Piaçabuçu,2021,censo_escolar,Matrícula,Privada,Ensino Médio,0.0
2706802,Piaçabuçu,2021,censo_escolar,Matrícula,Pública,Educação Infantil,598.0
2706802,Piaçabuçu,2021,censo_escolar,Matrícula,Pública,Educação Profissional,0.0
2706802,Piaçabuçu,2021,censo_escolar,Matrícula,Pública,Educação de Jovens e Adultos (EJA),187.0
2706802,Piaçabuçu,2021,censo_escolar,Matrícula,Pública,Ensino Fundamental,2483.0
2706802,Piaçabuçu,2021,censo_escolar,Matrícula,Pública,Ensino Médio,677.0
2706802,Piaçabuçu,2021,censo_escolar,Matrícula,Total,Educação Infantil,650.0
2706802,Piaçabuçu,2021,censo_escolar,Matrícula,Total,Educação Profissional,0.0
2706802,Piaçabuçu,2021,censo_escolar,Matrícula,Total,Educação de Jovens e Adultos (EJA),187.0
2706802,Piaçabuçu,2021,censo_escolar,Matrícula,Total,Ensino Fundamental,2646.0
2706802,Piaçabuçu,2021,censo_escolar,Matrícula,Total,Ensino Médio,677.0
2706802,Piaçabuçu,2021,indicadores_rendimento,Taxa de Abandono,Estadual,Ensino Fundamental,0.0
2706802,Piaçabuçu,2021,indicadores_rendimento,Taxa de Abandono,Estadual,Ensino Médio,27.1
2706802,Piaçabuçu,2021,indicadores_rendimento,Taxa de Abandono,Municipal,Ensino Fundamental,0.2
2706802,Piaçabuçu,2021,indicadores_rendimento,Taxa de Abandono,Municipal,Ensino Médio,0.0
2706802,Piaçabuçu,2021,indicadores_rendimento,Taxa de Abandono,Privada,Ensino Fundamental,1.3
2706802,Piaçabuçu,2021,indicadores_rendimento,Taxa de Abandono,Privada,Ensino Médio,0.0
2706802,Piaçabuçu,2021,indicadores_rendimento,Taxa de Abandono,Pública,Ensino Fundamental,0.2
2706802,Piaçabuçu,2021,indicadores_rendimento,Taxa de Abandono,Pública,Ensino Médio,27.1
2706802,Piaçabuçu,2021,indicadores_rendimento,Taxa de Abandono,Total,Ensino Fundamental,0.3
2706802,Piaçabuçu,2021,indicadores_rendimento,Taxa de Abandono,Total,Ensino Médio,27.1
2706802,Piaçabuçu,2021,indicadores_rendimento,Taxa de Aprovação,Estadual,Ensino Fundamental,0.0
2706802,Piaçabuçu,2021,indicadores_rendimento,Taxa de Aprovação,Estadual,Ensino Médio,72.9
2706802,Piaçabuçu,2021,indicadores_rendimento,Taxa de Aprovação,Municipal,Ensino Fundamental,99.6
2706802,Piaçabuçu,2021,indicadores_rendimento,Taxa de Aprovação,Municipal,Ensino Médio,0.0
2706802,Piaçabuçu,2021,indicadores_rendimento,Taxa de Aprovação,Privada,Ensino Fundamental,98.7
2706802,Piaçabuçu,2021,indicadores_rendimento,Taxa de Aprovação,Privada,Ensino Médio,0.0
2706802,Piaçabuçu,2021,indicadores_rendimento,Taxa de Aprovação,Pública,Ensino Fundamental,99.6
2706802,Piaçabuçu,2021,indicadores_rendimento,Taxa de Aprovação,Pública,Ensino Médio,72.9
2706802,Piaçabuçu,2021,indicadores_rendimento,Taxa de Aprovação,Total,Ensino Fundamental,99.5
2706802,Piaçabuçu,2021,indicadores_rendimento,Taxa de Aprovação,Total,Ensino Médio,72.9
2706802,Piaçabuçu,2021,indicadores_rendimento,Taxa de Reprovação,Estadual,Ensino Fundamental,0.0
2706802,Piaçabuçu,2021,indicadores_rendimento,Taxa de Reprovação,Estadual,Ensino Médio,0.0
2706802,Piaçabuçu,2021,indicadores_rendimento,Taxa de Reprovação,Municipal,Ensino Fundamental,0.2
2706802,Piaçabuçu,2021,indicadores_rendimento,Taxa de Reprovação,Municipal,Ensino Médio,0.0
2706802,Piaçabuçu,2021,indicadores_rendimento,Taxa de Reprovação,Privada,Ensino Fundamental,0.0
2706802,Piaçabuçu,2021,indicadores_rendimento,Taxa de Reprovação,Privada,Ensino Médio,0.0
2706802,Piaçabuçu,2021,indicadores_rendimento,Taxa de Reprovação,Pública,Ensino Fundamental,0.2
2706802,Piaçabuçu,2021,indicadores_rendimento,Taxa de Reprovação,Pública,Ensino Médio,0.0
2706802,Piaçabuçu,2021,indicadores_rendimento,Taxa de Reprovação,Total,Ensino Fundamental,0.2
2706802,Piaçabuçu,2021,indicadores_rendimento,Taxa de Reprovação,Total,Ensino Médio,0.0
2706802,Piaçabuçu,2022,censo_demografico,Pessoas Alfabetizadas,Não se aplica,Pessoas de 15 anos ou mais de idade,9266.0
2706802,Piaçabuçu,2022,censo_demografico,Pessoas Total,Não se aplica,Pessoas de 15 anos ou mais de idade,12008.0
2706802,Piaçabuçu,2022,censo_demografico,Taxa de Alfabetização,Não se aplica,Pessoas de 15 anos ou mais de idade,77.16522318454363
2706802,Piaçabuçu,2022,censo_demografico,Taxa de Analfabetismo,Não se aplica,Pessoas de 15 anos ou mais de idade,22.834776815456365
2706802,Piaçabuçu,2023,censo_escolar,Escolas,Estadual,Educação Infantil,0.0
2706802,Piaçabuçu,2023,censo_escolar,Escolas,Estadual,Educação Profissional,0.0
2706802,Piaçabuçu,2023,censo_escolar,Escolas,Estadual,Educação de Jovens e Adultos (EJA),1.0
2706802,Piaçabuçu,2023,censo_escolar,Escolas,Estadual,Ensino Fundamental,0.0
2706802,Piaçabuçu,2023,censo_escolar,Escolas,Estadual,Ensino Médio,1.0
2706802,Piaçabuçu,2023,censo_escolar,Escolas,Municipal,Educação Infantil,11.0
2706802,Piaçabuçu,2023,censo_escolar,Escolas,Municipal,Educação Profissional,8.0
2706802,Piaçabuçu,2023,censo_escolar,Escolas,Municipal,Educação de Jovens e Adultos (EJA),9.0
2706802,Piaçabuçu,2023,censo_escolar,Escolas,Municipal,Ensino Fundamental,12.0
2706802,Piaçabuçu,2023,censo_escolar,Escolas,Municipal,Ensino Médio,0.0
2706802,Piaçabuçu,2023,censo_escolar,Escolas,Privada,Educação Infantil,2.0
2706802,Piaçabuçu,2023,censo_escolar,Escolas,Privada,Educação Profissional,0.0
2706802,Piaçabuçu,2023,censo_escolar,Escolas,Privada,Educação de Jovens e Adultos (EJA),0.0
2706802,Piaçabuçu,2023,censo_escolar,Escolas,Privada,Ensino Fundamental,2.0
2706802,Piaçabuçu,2023,censo_escolar,Escolas,Privada,Ensino Médio,0.0
2706802,Piaçabuçu,2023,censo_escolar,Escolas,Pública,Educação Infantil,11.0
2706802,Piaçabuçu,2023,censo_escolar,Escolas,Pública,Educação Profissional,8.0
2706802,Piaçabuçu,2023,censo_escolar,Escolas,Pública,Educação de Jovens e Adultos (EJA),10.0
2706802,Piaçabuçu,2023,censo_escolar,Escolas,Pública,Ensino Fundamental,12.0
2706802,Piaçabuçu,2023,censo_escolar,Escolas,Pública,Ensino Médio,1.0
2706802,Piaçabuçu,2023,censo_escolar,Escolas,Total,Educação Infantil,13.0
2706802,Piaçabuçu,2023,censo_escolar,Escolas,Total,Educação Profissional,8.0
2706802,Piaçabuçu,2023,censo_escolar,Escolas,Total,Educação de Jovens e Adultos (EJA),10.0
2706802,Piaçabuçu,2023,censo_escolar,Escolas,Total,Ensino Fundamental,14.0
2706802,Piaçabuçu,2023,censo_escolar,Escolas,Total,Ensino Médio,1.0
2706802,Piaçabuçu,2023,censo_escolar,Matrícula,Estadual,Educação Infantil,0.0
2706802,Piaçabuçu,2023,censo_escolar,Matrícula,Estadual,Educação Profissional,0.0
2706802,Piaçabuçu,2023,censo_escolar,Matrícula,Estadual,Educação de Jovens e Adultos (EJA),145.0
2706802,Piaçabuçu,2023,censo_escolar,Matrícula,Estadual,Ensino Fundamental,0.0
2706802,Piaçabuçu,2023,censo_escolar,Matrícula,Estadual,Ensino Médio,591.0
2706802,Piaçabuçu,2023,censo_escolar,Matrícula,Municipal,Educação Infantil,874.0
2706802,Piaçabuçu,2023,censo_escolar,Matrícula,Municipal,Educação Profissional,441.0
2706802,Piaçabuçu,2023,censo_escolar,Matrícula,Municipal,Educação de Jovens e Adultos (EJA),459.0
2706802,Piaçabuçu,2023,censo_escolar,Matrícula,Municipal,Ensino Fundamental,2294.0
2706802,Piaçabuçu,2023,censo_escolar,Matrícula,Municipal,Ensino Médio,0.0
2706802,Piaçabuçu,2023,censo_escolar,Matrícula,Privada,Educação Infantil,98.0
2706802,Piaçabuçu,2023,censo_escolar,Matrícula,Privada,Educação Profissional,0.0
2706802,Piaçabuçu,2023,censo_escolar,Matrícula,Privada,Educação de Jovens e Adultos (EJA),0.0
2706802,Piaçabuçu,2023,censo_escolar,Matrícula,Privada,Ensino Fundamental,169.0
2706802,Piaçabuçu,2023,censo_escolar,Matrícula,Privada,Ensino Médio,0.0
2706802,Piaçabuçu,2023,censo_escolar,Matrícula,Pública,Educação Infantil,874.0
2706802,Piaçabuçu,2023,censo_escolar,Matrícula,Pública,Educação Profissional,441.0
2706802,Piaçabuçu,2023,censo_escolar,Matrícula,Pública,Educação de Jovens e Adultos (EJA),604.0
2706802,Piaçabuçu,2023,censo_escolar,Matrícula,Pública,Ensino Fundamental,2294.0
2706802,Piaçabuçu,2023,censo_escolar,Matrícula,Pública,Ensino Médio,591.0
2706802,Piaçabuçu,2023,censo_escolar,Matrícula,Total,Educação Infantil,972.0
2706802,Piaçabuçu,2023,censo_escolar,Matrícula,Total,Educação Profissional,441.0
2706802,Piaçabuçu,2023,censo_escolar,Matrícula,Total,Educação de Jovens e Adultos (EJA),604.0
2706802,Piaçabuçu,2023,censo_escolar,Matrícula,Total,Ensino Fundamental,2463.0
2706802,Piaçabuçu,2023,censo_escolar,Matrícula,Total,Ensino Médio,591.0
2706802,Piaçabuçu,2023,indicadores_rendimento,Taxa de Abandono,Estadual,Ensino Fundamental,0.0
2706802,Piaçabuçu,2023,indicadores_rendimento,Taxa de Abandono,Estadual,Ensino Médio,1.4
2706802,Piaçabuçu,2023,indicadores_rendimento,Taxa de Abandono,Municipal,Ensino Fundamental,0.2
2706802,Piaçabuçu,2023,indicadores_rendimento,Taxa de Abandono,Municipal,Ensino Médio,0.0
2706802,Piaçabuçu,2023,indicadores_rendimento,Taxa de Abandono,Privada,Ensino Fundamental,0.0
2706802,Piaçabuçu,2023,indicadores_rendimento,Taxa de Abandono,Privada,Ensino Médio,0.0
2706802,Piaçabuçu,2023,indicadores_rendimento,Taxa de Abandono,Pública,Ensino Fundamental,0.2
2706802,Piaçabuçu,2023,indicadores_rendimento,Taxa de Abandono,Pública,Ensino Médio,1.4
2706802,Piaçabuçu,2023,indicadores_rendimento,Taxa de Abandono,Total,Ensino Fundamental,0.2
2706802,Piaçabuçu,2023,indicadores_rendimento,Taxa de Abandono,Total,Ensino Médio,1.4
2706802,Piaçabuçu,2023,indicadores_rendimento,Taxa de Aprovação,Estadual,Ensino Fundamental,0.0
2706802,Piaçabuçu,2023,indicadores_rendimento,Taxa de Aprovação,Estadual,Ensino Médio,88.9
2706802,Piaçabuçu,2023,indicadores_rendimento,Taxa de Aprovação,Municipal,Ensino Fundamental,98.7
2706802,Piaçabuçu,2023,indicadores_rendimento,Taxa de Aprovação,Municipal,Ensino Médio,0.0
2706802,Piaçabuçu,2023,indicadores_rendimento,Taxa de Aprovação,Privada,Ensino Fundamental,100.0
2706802,Piaçabuçu,2023,indicadores_rendimento,Taxa de Aprovação,Privada,Ensino Médio,0.0
2706802,Piaçabuçu,2023,indicadores_rendimento,Taxa de Aprovação,Pública,Ensino Fundamental,98.7
2706802,Piaçabuçu,2023,indicadores_rendimento,Taxa de Aprovação,Pública,Ensino Médio,88.9
2706802,Piaçabuçu,2023,indicadores_rendimento,Taxa de Aprovação,Total,Ensino Fundamental,98.8
2706802,Piaçabuçu,2023,indicadores_rendimento,Taxa de Aprovação,Total,Ensino Médio,88.9
2706802,Piaçabuçu,2023,indicadores_rendimento,Taxa de Reprovação,Estadual,Ensino Fundamental,0.0
2706802,Piaçabuçu,2023,indicadores_rendimento,Taxa de Reprovação,Estadual,Ensino Médio,9.7
2706802,Piaçabuçu,2023,indicadores_rendimento,Taxa de Reprovação,Municipal,Ensino Fundamental,1.1
2706802,Piaçabuçu,2023,indicadores_rendimento,Taxa de Reprovação,Municipal,Ensino Médio,0.0
2706802,Piaçabuçu,2023,indicadores_rendimento,Taxa de Reprovação,Privada,Ensino Fundamental,0.0
2706802,Piaçabuçu,2023,indicadores_rendimento,Taxa de Reprovação,Privada,Ensino Médio,0.0
2706802,Piaçabuçu,2023,indicadores_rendimento,Taxa de Reprovação,Pública,Ensino Fundamental,1.1
2706802,Piaçabuçu,2023,indicadores_rendimento,Taxa de Reprovação,Pública,Ensino Médio,9.7
2706802,Piaçabuçu,2023,indicadores_rendimento,Taxa de Reprovação,Total,Ensino Fundamental,1.0
2706802,Piaçabuçu,2023,indicadores_rendimento,Taxa de Reprovação,Total,Ensino Médio,9.7
2707701,Rio Largo,2010,censo_demografico,Pessoas Alfabetizadas,Não se aplica,Pessoas de 15 anos ou mais de idade,39843.0
2707701,Rio Largo,2010,censo_demografico,Pessoas Total,Não se aplica,Pessoas de 15 anos ou mais de idade,48765.0
2707701,Rio Largo,2010,censo_demografico,Taxa de Alfabetização,Não se aplica,Pessoas de 15 anos ou mais de idade,81.70409104890803
2707701,Rio Largo,2010,censo_demografico,Taxa de Analfabetismo,Não se aplica,Pessoas de 15 anos ou mais de idade,18.29590895109197
2707701,Rio Largo,2010,censo_escolar,Escolas,Estadual,Educação Infantil,0.0
2707701,Rio Largo,2010,censo_escolar,Escolas,Estadual,Educação Profissional,0.0
2707701,Rio Largo,2010,censo_escolar,Escolas,Estadual,Educação de Jovens e Adultos (EJA),4.0
2707701,Rio Largo,2010,censo_escolar,Escolas,Estadual,Ensino Fundamental,8.0
2707701,Rio Largo,2010,censo_escolar,Escolas,Estadual,Ensino Médio,5.0
2707701,Rio Largo,2010,censo_escolar,Escolas,Municipal,Educação Infantil,20.0
2707701,Rio Largo,2010,censo_escolar,Escolas,Municipal,Educação Profissional,0.0
2707701,Rio Largo,2010,censo_escolar,Escolas,Municipal,Educação de Jovens e Adultos (EJA),21.0
2707701,Rio Largo,2010,censo_escolar,Escolas,Municipal,Ensino Fundamental,28.0
2707701,Rio Largo,2010,censo_escolar,Escolas,Municipal,Ensino Médio,0.0
2707701,Rio Largo,2010,censo_escolar,Escolas,Privada,Educação Infantil,14.0
2707701,Rio Largo,2010,censo_escolar,Escolas,Privada,Educação Profissional,0.0
2707701,Rio Largo,2010,censo_escolar,Escolas,Privada,Educação de Jovens e Adultos (EJA),0.0
2707701,Rio Largo,2010,censo_escolar,Escolas,Privada,Ensino Fundamental,12.0
2707701,Rio Largo,2010,censo_escolar,Escolas,Privada,Ensino Médio,1.0
2707701,Rio Largo,2010,censo_escolar,Escolas,Pública,Educação Infantil,20.0
2707701,Rio Largo,2010,censo_escolar,Escolas,Pública,Educação Profissional,0.0
2707701,Rio Largo,2010,censo_escolar,Escolas,Pública,Educação de Jovens e Adultos (EJA),25.0
2707701,Rio Largo,2010,censo_escolar,Escolas,Pública,Ensino Fundamental,36.0
2707701,Rio Largo,2010,censo_escolar,Escolas,Pública,Ensino Médio,5.0
2707701,Rio Largo,2010,censo_escolar,Escolas,Total,Educação Infantil,34.0
2707701,Rio Largo,2010,censo_escolar,Escolas,Total,Educação Profissional,0.0
2707701,Rio Largo,2010,censo_escolar,Escolas,Total,Educação de Jovens e Adultos (EJA),25.0
2707701,Rio Largo,2010,censo_escolar,Escolas,Total,Ensino Fundamental,48.0
2707701,Rio Largo,2010,censo_escolar,Escolas,Total,Ensino Médio,6.0
2707701,Rio Largo,2010,censo_escolar,Matrícula,Estadual,Educação Infantil,0.0
2707701,Rio Largo,2010,censo_escolar,Matrícula,Estadual,Educação Profissional,0.0
2707701,Rio Largo,2010,censo_escolar,Matrícula,Estadual,Educação de Jovens e Adultos (EJA),786.0
2707701,Rio Largo,2010,censo_escolar,Matrícula,Estadual,Ensino Fundamental,3204.0
2707701,Rio Largo,2010,censo_escolar,Matrícula,Estadual,Ensino Médio,2371.0
2707701,Rio Largo,2010,censo_escolar,Matrícula,Municipal,Educação Infantil,1560.0
2707701,Rio Largo,2010,censo_escolar,Matrícula,Municipal,Educação Profissional,0.0
2707701,Rio Largo,2010,censo_escolar,Matrícula,Municipal,Educação de Jovens e Adultos (EJA),1060.0
2707701,Rio Largo,2010,censo_escolar,Matrícula,Municipal,Ensino Fundamental,10255.0
2707701,Rio Largo,2010,censo_escolar,Matrícula,Municipal,Ensino Médio,0.0
2707701,Rio Largo,2010,censo_escolar,Matrícula,Privada,Educação Infantil,497.0
2707701,Rio Largo,2010,censo_escolar,Matrícula,Privada,Educação Profissional,0.0
2707701,Rio Largo,2010,censo_escolar,Matrícula,Privada,Educação de Jovens e Adultos (EJA),0.0
2707701,Rio Largo,2010,censo_escolar,Matrícula,Privada,Ensino Fundamental,1572.0
2707701,Rio Largo,2010,censo_escolar,Matrícula,Privada,Ensino Médio,133.0
2707701,Rio Largo,2010,censo_escolar,Matrícula,Pública,Educação Infantil,1560.0
2707701,Rio Largo,2010,censo_escolar,Matrícula,Pública,Educação Profissional,0.0
2707701,Rio Largo,2010,censo_escolar,Matrícula,Pública,Educação de Jovens e Adultos (EJA),1846.0
2707701,Rio Largo,2010,censo_escolar,Matrícula,Pública,Ensino Fundamental,13459.0
2707701,Rio Largo,2010,censo_escolar,Matrícula,Pública,Ensino Médio,2371.0
2707701,Rio Largo,2010,censo_escolar,Matrícula,Total,Educação Infantil,2057.0
2707701,Rio Largo,2010,censo_escolar,Matrícula,Total,Educação Profissional,0.0
2707701,Rio Largo,2010,censo_escolar,Matrícula,Total,Educação de Jovens e Adultos (EJA),1846.0
2707701,Rio Largo,2010,censo_escolar,Matrícula,Total,Ensino Fundamental,15031.0
2707701,Rio Largo,2010,censo_escolar,Matrícula,Total,Ensino Médio,2504.0
2707701,Rio Largo,2010,indicadores_rendimento,Taxa de Abandono,Estadual,Ensino Fundamental,3.7
2707701,Rio Largo,2010,indicadores_rendimento,Taxa de Abandono,Estadual,Ensino Médio,21.8
2707701,Rio Largo,2010,indicadores_rendimento,Taxa de Abandono,Municipal,Ensino Fundamental,5.8
2707701,Rio Largo,2010,indicadores_rendimento,Taxa de Abandono,Municipal,Ensino Médio,0.0
2707701,Rio Largo,2010,indicadores_rendimento,Taxa de Abandono,Privada,Ensino Fundamental,0.5
2707701,Rio Largo,2010,indicadores_rendimento,Taxa de Abandono,Privada,Ensino Médio,0.0
2707701,Rio Largo,2010,indicadores_rendimento,Taxa de Abandono,Pública,Ensino Fundamental,5.4
2707701,Rio Largo,2010,indicadores_rendimento,Taxa de Abandono,Pública,Ensino Médio,21.8
2707701,Rio Largo,2010,indicadores_rendimento,Taxa de Abandono,Total,Ensino Fundamental,4.6
2707701,Rio Largo,2010,indicadores_rendimento,Taxa de Abandono,Total,Ensino Médio,20.6
2707701,Rio Largo,2010,indicadores_rendimento,Taxa de Aprovação,Estadual,Ensino Fundamental,95.7
2707701,Rio Largo,2010,indicadores_rendimento,Taxa de Aprovação,Estadual,Ensino Médio,54.0
2707701,Rio Largo,2010,indicadores_rendimento,Taxa de Aprovação,Municipal,Ensino Fundamental,94.0
2707701,Rio Largo,2010,indicadores_rendimento,Taxa de Aprovação,Municipal,Ensino Médio,0.0
2707701,Rio Largo,2010,indicadores_rendimento,Taxa de Aprovação,Privada,Ensino Fundamental,99.0
2707701,Rio Largo,2010,indicadores_rendimento,Taxa de Aprovação,Privada,Ensino Médio,78.0
2707701,Rio Largo,2010,indicadores_rendimento,Taxa de Aprovação,Pública,Ensino Fundamental,94.3
2707701,Rio Largo,2010,indicadores_rendimento,Taxa de Aprovação,Pública,Ensino Médio,54.0
2707701,Rio Largo,2010,indicadores_rendimento,Taxa de Aprovação,Total,Ensino Fundamental,95.1
2707701,Rio Largo,2010,indicadores_rendimento,Taxa de Aprovação,Total,Ensino Médio,55.3
2707701,Rio Largo,2010,indicadores_rendimento,Taxa de Reprovação,Estadual,Ensino Fundamental,0.6
2707701,Rio Largo,2010,indicadores_rendimento,Taxa de Reprovação,Estadual,Ensino Médio,24.2
2707701,Rio Largo,2010,indicadores_rendimento,Taxa de Reprovação,Municipal,Ensino Fundamental,0.2
2707701,Rio Largo,2010,indicadores_rendimento,Taxa de Reprovação,Municipal,Ensino Médio,0.0
2707701,Rio Largo,2010,indicadores_rendimento,Taxa de Reprovação,Privada,Ensino Fundamental,0.5
2707701,Rio Largo,2010,indicadores_rendimento,Taxa de Reprovação,Privada,Ensino Médio,22.0
2707701,Rio Largo,2010,indicadores_rendimento,Taxa de Reprovação,Pública,Ensino Fundamental,0.3
2707701,Rio Largo,2010,indicadores_rendimento,Taxa de Reprovação,Pública,Ensino Médio,24.2
2707701,Rio Largo,2010,indicadores_rendimento,Taxa de Reprovação,Total,Ensino Fundamental,0.3
2707701,Rio Largo,2010,indicadores_rendimento,Taxa de Reprovação,Total,Ensino Médio,24.1
2707701,Rio Largo,2019,censo_escolar,Escolas,Estadual,Educação Infantil,0.0
2707701,Rio Largo,2019,censo_escolar,Escolas,Estadual,Educação Profissional,1.0
2707701,Rio Largo,2019,censo_escolar,Escolas,Estadual,Educação de Jovens e Adultos (EJA),5.0
2707701,Rio Largo,2019,censo_escolar,Escolas,Estadual,Ensino Fundamental,7.0
2707701,Rio Largo,2019,censo_escolar,Escolas,Estadual,Ensino Médio,7.0
2707701,Rio Largo,2019,censo_escolar,Escolas,Federal,Educação Infantil,0.0
2707701,Rio Largo,2019,censo_escolar,Escolas,Federal,Educação Profissional,1.0
2707701,Rio Largo,2019,censo_escolar,Escolas,Federal,Educação de Jovens e Adultos (EJA),0.0
2707701,Rio Largo,2019,censo_escolar,Escolas,Federal,Ensino Fundamental,0.0
2707701,Rio Largo,2019,censo_escolar,Escolas,Federal,Ensino Médio,0.0
2707701,Rio Largo,2019,censo_escolar,Escolas,Municipal,Educação Infantil,19.0
2707701,Rio Largo,2019,censo_escolar,Escolas,Municipal,Educação Profissional,0.0
2707701,Rio Largo,2019,censo_escolar,Escolas,Municipal,Educação de Jovens e Adultos (EJA),4.0
2707701,Rio Largo,2019,censo_escolar,Escolas,Municipal,Ensino Fundamental,27.0
2707701,Rio Largo,2019,censo_escolar,Escolas,Municipal,Ensino Médio,0.0
2707701,Rio Largo,2019,censo_escolar,Escolas,Privada,Educação Infantil,24.0
2707701,Rio Largo,2019,censo_escolar,Escolas,Privada,Educação Profissional,0.0
2707701,Rio Largo,2019,censo_escolar,Escolas,Privada,Educação de Jovens e Adultos (EJA),0.0
2707701,Rio Largo,2019,censo_escolar,Escolas,Privada,Ensino Fundamental,22.0
2707701,Rio Largo,2019,censo_escolar,Escolas,Privada,Ensino Médio,3.0
2707701,Rio Largo,2019,censo_escolar,Escolas,Pública,Educação Infantil,19.0
2707701,Rio Largo,2019,censo_escolar,Escolas,Pública,Educação Profissional,2.0
2707701,Rio Largo,2019,censo_escolar,Escolas,Pública,Educação de Jovens e Adultos (EJA),9.0
2707701,Rio Largo,2019,censo_escolar,Escolas,Pública,Ensino Fundamental,34.0
2707701,Rio Largo,2019,censo_escolar,Escolas,Pública,Ensino Médio,7.0
2707701,Rio Largo,2019,censo_escolar,Escolas,Total,Educação Infantil,43.0
2707701,Rio Largo,2019,censo_escolar,Escolas,Total,Educação Profissional,2.0
2707701,Rio Largo,2019,censo_escolar,Escolas,Total,Educação de Jovens e Adultos (EJA),9.0
2707701,Rio Largo,2019,censo_escolar,Escolas,Total,Ensino Fundamental,56.0
2707701,Rio Largo,2019,censo_escolar,Escolas,Total,Ensino Médio,10.0
2707701,Rio Largo,2019,censo_escolar,Matrícula,Estadual,Educação Infantil,0.0
2707701,Rio Largo,2019,censo_escolar,Matrícula,Estadual,Educação Profissional,354.0
2707701,Rio Largo,2019,censo_escolar,Matrícula,Estadual,Educação de Jovens e Adultos (EJA),1466.0
2707701,Rio Largo,2019,censo_escolar,Matrícula,Estadual,Ensino Fundamental,1835.0
2707701,Rio Largo,2019,censo_escolar,Matrícula,Estadual,Ensino Médio,3023.0
2707701,Rio Largo,2019,censo_escolar,Matrícula,Federal,Educação Infantil,0.0
2707701,Rio Largo,2019,censo_escolar,Matrícula,Federal,Educação Profissional,164.0
2707701,Rio Largo,2019,censo_escolar,Matrícula,Federal,Educação de Jovens e Adultos (EJA),0.0
2707701,Rio Largo,2019,censo_escolar,Matrícula,Federal,Ensino Fundamental,0.0
2707701,Rio Largo,2019,censo_escolar,Matrícula,Federal,Ensino Médio,0.0
2707701,Rio Largo,2019,censo_escolar,Matrícula,Municipal,Educação Infantil,2267.0
2707701,Rio Largo,2019,censo_escolar,Matrícula,Municipal,Educação Profissional,0.0
2707701,Rio Largo,2019,censo_escolar,Matrícula,Municipal,Educação de Jovens e Adultos (EJA),1472.0
2707701,Rio Largo,2019,censo_escolar,Matrícula,Municipal,Ensino Fundamental,11329.0
2707701,Rio Largo,2019,censo_escolar,Matrícula,Municipal,Ensino Médio,0.0
2707701,Rio Largo,2019,censo_escolar,Matrícula,Privada,Educação Infantil,844.0
2707701,Rio Largo,2019,censo_escolar,Matrícula,Privada,Educação Profissional,0.0
2707701,Rio Largo,2019,censo_escolar,Matrícula,Privada,Educação de Jovens e Adultos (EJA),0.0
2707701,Rio Largo,2019,censo_escolar,Matrícula,Privada,Ensino Fundamental,2403.0
2707701,Rio Largo,2019,censo_escolar,Matrícula,Privada,Ensino Médio,257.0
2707701,Rio Largo,2019,censo_escolar,Matrícula,Pública,Educação Infantil,2267.0
2707701,Rio Largo,2019,censo_escolar,Matrícula,Pública,Educação Profissional,518.0
2707701,Rio Largo,2019,censo_escolar,Matrícula,Pública,Educação de Jovens e Adultos (EJA),2938.0
2707701,Rio Largo,2019,censo_escolar,Matrícula,Pública,Ensino Fundamental,13164.0
2707701,Rio Largo,2019,censo_escolar,Matrícula,Pública,Ensino Médio,3023.0
2707701,Rio Largo,2019,censo_escolar,Matrícula,Total,Educação Infantil,3111.0
2707701,Rio Largo,2019,censo_escolar,Matrícula,Total,Educação Profissional,518.0
2707701,Rio Largo,2019,censo_escolar,Matrícula,Total,Educação de Jovens e Adultos (EJA),2938.0
2707701,Rio Largo,2019,censo_escolar,Matrícula,Total,Ensino Fundamental,15567.0
2707701,Rio Largo,2019,censo_escolar,Matrícula,Total,Ensino Médio,3280.0
2707701,Rio Largo,2019,indicadores_rendimento,Taxa de Abandono,Estadual,Ensino Fundamental,1.4
2707701,Rio Largo,2019,indicadores_rendimento,Taxa de Abandono,Estadual,Ensino Médio,2.6
2707701,Rio Largo,2019,indicadores_rendimento,Taxa de Abandono,Municipal,Ensino Fundamental,2.5
2707701,Rio Largo,2019,indicadores_rendimento,Taxa de Abandono,Municipal,Ensino Médio,0.0
2707701,Rio Largo,2019,indicadores_rendimento,Taxa de Abandono,Privada,Ensino Fundamental,0.5
2707701,Rio Largo,2019,indicadores_rendimento,Taxa de Abandono,Privada,Ensino Médio,0.4
2707701,Rio Largo,2019,indicadores_rendimento,Taxa de Abandono,Pública,Ensino Fundamental,2.4
2707701,Rio Largo,2019,indicadores_rendimento,Taxa de Abandono,Pública,Ensino Médio,2.6
2707701,Rio Largo,2019,indicadores_rendimento,Taxa de Abandono,Total,Ensino Fundamental,2.1
2707701,Rio Largo,2019,indicadores_rendimento,Taxa de Abandono,Total,Ensino Médio,2.4
2707701,Rio Largo,2019,indicadores_rendimento,Taxa de Aprovação,Estadual,Ensino Fundamental,93.4
2707701,Rio Largo,2019,indicadores_rendimento,Taxa de Aprovação,Estadual,Ensino Médio,89.5
2707701,Rio Largo,2019,indicadores_rendimento,Taxa de Aprovação,Municipal,Ensino Fundamental,92.5
2707701,Rio Largo,2019,indicadores_rendimento,Taxa de Aprovação,Municipal,Ensino Médio,0.0
2707701,Rio Largo,2019,indicadores_rendimento,Taxa de Aprovação,Privada,Ensino Fundamental,96.6
2707701,Rio Largo,2019,indicadores_rendimento,Taxa de Aprovação,Privada,Ensino Médio,94.9
2707701,Rio Largo,2019,indicadores_rendimento,Taxa de Aprovação,Pública,Ensino Fundamental,92.6
2707701,Rio Largo,2019,indicadores_rendimento,Taxa de Aprovação,Pública,Ensino Médio,89.5
2707701,Rio Largo,2019,indicadores_rendimento,Taxa de Aprovação,Total,Ensino Fundamental,93.2
2707701,Rio Largo,2019,indicadores_rendimento,Taxa de Aprovação,Total,Ensino Médio,90.0
2707701,Rio Largo,2019,indicadores_rendimento,Taxa de Reprovação,Estadual,Ensino Fundamental,5.2
2707701,Rio Largo,2019,indicadores_rendimento,Taxa de Reprovação,Estadual,Ensino Médio,7.9
2707701,Rio Largo,2019,indicadores_rendimento,Taxa de Reprovação,Municipal,Ensino Fundamental,5.0
2707701,Rio Largo,2019,indicadores_rendimento,Taxa de Reprovação,Municipal,Ensino Médio,0.0
2707701,Rio Largo,2019,indicadores_rendimento,Taxa de Reprovação,Privada,Ensino Fundamental,2.9
2707701,Rio Largo,2019,indicadores_rendimento,Taxa de Reprovação,Privada,Ensino Médio,4.7
2707701,Rio Largo,2019,indicadores_rendimento,Taxa de Reprovação,Pública,Ensino Fundamental,5.0
2707701,Rio Largo,2019,indicadores_rendimento,Taxa de Reprovação,Pública,Ensino Médio,7.9
2707701,Rio Largo,2019,indicadores_rendimento,Taxa de Reprovação,Total,Ensino Fundamental,4.7
2707701,Rio Largo,2019,indicadores_rendimento,Taxa de Reprovação,Total,Ensino Médio,7.6
2707701,Rio Largo,2021,censo_escolar,Escolas,Estadual,Educação Infantil,0.0
2707701,Rio Largo,2021,censo_escolar,Escolas,Estadual,Educação Profissional,3.0
2707701,Rio Largo,2021,censo_escolar,Escolas,Estadual,Educação de Jovens e Adultos (EJA),5.0
2707701,Rio Largo,2021,censo_escolar,Escolas,Estadual,Ensino Fundamental,6.0
2707701,Rio Largo,2021,censo_escolar,Escolas,Estadual,Ensino Médio,8.0
2707701,Rio Largo,2021,censo_escolar,Escolas,Federal,Educação Infantil,0.0
2707701,Rio Largo,2021,censo_escolar,Escolas,Federal,Educação Profissional,1.0
2707701,Rio Largo,2021,censo_escolar,Escolas,Federal,Educação de Jovens e Adultos (EJA),0.0
2707701,Rio Largo,2021,censo_escolar,Escolas,Federal,Ensino Fundamental,0.0
2707701,Rio Largo,2021,censo_escolar,Escolas,Federal,Ensino Médio,0.0
2707701,Rio Largo,2021,censo_escolar,Escolas,Municipal,Educação Infantil,21.0
2707701,Rio Largo,2021,censo_escolar,Escolas,Municipal,Educação Profissional,0.0
2707701,Rio Largo,2021,censo_escolar,Escolas,Municipal,Educação de Jovens e Adultos (EJA),4.0
2707701,Rio Largo,2021,censo_escolar,Escolas,Municipal,Ensino Fundamental,27.0
2707701,Rio Largo,2021,censo_escolar,Escolas,Municipal,Ensino Médio,0.0
2707701,Rio Largo,2021,censo_escolar,Escolas,Privada,Educação Infantil,18.0
2707701,Rio Largo,2021,censo_escolar,Escolas,Privada,Educação Profissional,0.0
2707701,Rio Largo,2021,censo_escolar,Escolas,Privada,Educação de Jovens e Adultos (EJA),0.0
2707701,Rio Largo,2021,censo_escolar,Escolas,Privada,Ensino Fundamental,19.0
2707701,Rio Largo,2021,censo_escolar,Escolas,Privada,Ensino Médio,4.0
2707701,Rio Largo,2021,censo_escolar,Escolas,Pública,Educação Infantil,21.0
2707701,Rio Largo,2021,censo_escolar,Escolas,Pública,Educação Profissional,4.0
2707701,Rio Largo,2021,censo_escolar,Escolas,Pública,Educação de Jovens e Adultos (EJA),9.0
2707701,Rio Largo,2021,censo_escolar,Escolas,Pública,Ensino Fundamental,33.0
2707701,Rio Largo,2021,censo_escolar,Escolas,Pública,Ensino Médio,8.0
2707701,Rio Largo,2021,censo_escolar,Escolas,Total,Educação Infantil,39.0
2707701,Rio Largo,2021,censo_escolar,Escolas,Total,Educação Profissional,4.0
2707701,Rio Largo,2021,censo_escolar,Escolas,Total,Educação de Jovens e Adultos (EJA),9.0
2707701,Rio Largo,2021,censo_escolar,Escolas,Total,Ensino Fundamental,52.0
2707701,Rio Largo,2021,censo_escolar,Escolas,Total,Ensino Médio,12.0
2707701,Rio Largo,2021,censo_escolar,Matrícula,Estadual,Educação Infantil,0.0
2707701,Rio Largo,2021,censo_escolar,Matrícula,Estadual,Educação Profissional,533.0
2707701,Rio Largo,2021,censo_escolar,Matrícula,Estadual,Educação de Jovens e Adultos (EJA),973.0
2707701,Rio Largo,2021,censo_escolar,Matrícula,Estadual,Ensino Fundamental,1474.0
2707701,Rio Largo,2021,censo_escolar,Matrícula,Estadual,Ensino Médio,3453.0
2707701,Rio Largo,2021,censo_escolar,Matrícula,Federal,Educação Infantil,0.0
2707701,Rio Largo,2021,censo_escolar,Matrícula,Federal,Educação Profissional,308.0
2707701,Rio Largo,2021,censo_escolar,Matrícula,Federal,Educação de Jovens e Adultos (EJA),0.0
2707701,Rio Largo,2021,censo_escolar,Matrícula,Federal,Ensino Fundamental,0.0
2707701,Rio Largo,2021,censo_escolar,Matrícula,Federal,Ensino Médio,0.0
2707701,Rio Largo,2021,censo_escolar,Matrícula,Municipal,Educação Infantil,2890.0
2707701,Rio Largo,2021,censo_escolar,Matrícula,Municipal,Educação Profissional,0.0
2707701,Rio Largo,2021,censo_escolar,Matrícula,Municipal,Educação de Jovens e Adultos (EJA),1115.0
2707701,Rio Largo,2021,censo_escolar,Matrícula,Municipal,Ensino Fundamental,11931.0
2707701,Rio Largo,2021,censo_escolar,Matrícula,Municipal,Ensino Médio,0.0
2707701,Rio Largo,2021,censo_escolar,Matrícula,Privada,Educação Infantil,494.0
2707701,Rio Largo,2021,censo_escolar,Matrícula,Privada,Educação Profissional,0.0
2707701,Rio Largo,2021,censo_escolar,Matrícula,Privada,Educação de Jovens e Adultos (EJA),0.0
2707701,Rio Largo,2021,censo_escolar,Matrícula,Privada,Ensino Fundamental,2150.0
2707701,Rio Largo,2021,censo_escolar,Matrícula,Privada,Ensino Médio,342.0
2707701,Rio Largo,2021,censo_escolar,Matrícula,Pública,Educação Infantil,2890.0
2707701,Rio Largo,2021,censo_escolar,Matrícula,Pública,Educação Profissional,841.0
2707701,Rio Largo,2021,censo_escolar,Matrícula,Pública,Educação de Jovens e Adultos (EJA),2088.0
2707701,Rio Largo,2021,censo_escolar,Matrícula,Pública,Ensino Fundamental,13405.0
2707701,Rio Largo,2021,censo_escolar,Matrícula,Pública,Ensino Médio,3453.0
2707701,Rio Largo,2021,censo_escolar,Matrícula,Total,Educação Infantil,3384.0
2707701,Rio Largo,2021,censo_escolar,Matrícula,Total,Educação Profissional,841.0
2707701,Rio Largo,2021,censo_escolar,Matrícula,Total,Educação de Jovens e Adultos (EJA),2088.0
2707701,Rio Largo,2021,censo_escolar,Matrícula,Total,Ensino Fundamental,15555.0
2707701,Rio Largo,2021,censo_escolar,Matrícula,Total,Ensino Médio,3795.0
2707701,Rio Largo,2021,indicadores_rendimento,Taxa de Abandono,Estadual,Ensino Fundamental,1.3
2707701,Rio Largo,2021,indicadores_rendimento,Taxa de Abandono,Estadual,Ensino Médio,4.0
2707701,Rio Largo,2021,indicadores_rendimento,Taxa de Abandono,Municipal,Ensino Fundamental,0.1
2707701,Rio Largo,2021,indicadores_rendimento,Taxa de Abandono,Municipal,Ensino Médio,0.0
2707701,Rio Largo,2021,indicadores_rendimento,Taxa de Abandono,Privada,Ensino Fundamental,0.6
2707701,Rio Largo,2021,indicadores_rendimento,Taxa de Abandono,Privada,Ensino Médio,0.0
2707701,Rio Largo,2021,indicadores_rendimento,Taxa de Abandono,Pública,Ensino Fundamental,0.2
2707701,Rio Largo,2021,indicadores_rendimento,Taxa de Abandono,Pública,Ensino Médio,4.0
2707701,Rio Largo,2021,indicadores_rendimento,Taxa de Abandono,Total,Ensino Fundamental,0.3
2707701,Rio Largo,2021,indicadores_rendimento,Taxa de Abandono,Total,Ensino Médio,3.7
2707701,Rio Largo,2021,indicadores_rendimento,Taxa de Aprovação,Estadual,Ensino Fundamental,95.0
2707701,Rio Largo,2021,indicadores_rendimento,Taxa de Aprovação,Estadual,Ensino Médio,87.8
2707701,Rio Largo,2021,indicadores_rendimento,Taxa de Aprovação,Municipal,Ensino Fundamental,99.9
2707701,Rio Largo,2021,indicadores_rendimento,Taxa de Aprovação,Municipal,Ensino Médio,0.0
2707701,Rio Largo,2021,indicadores_rendimento,Taxa de Aprovação,Privada,Ensino Fundamental,97.8
2707701,Rio Largo,2021,indicadores_rendimento,Taxa de Aprovação,Privada,Ensino Médio,97.9
2707701,Rio Largo,2021,indicadores_rendimento,Taxa de Aprovação,Pública,Ensino Fundamental,99.4
2707701,Rio Largo,2021,indicadores_rendimento,Taxa de Aprovação,Pública,Ensino Médio,87.8
2707701,Rio Largo,2021,indicadores_rendimento,Taxa de Aprovação,Total,Ensino Fundamental,99.2
2707701,Rio Largo,2021,indicadores_rendimento,Taxa de Aprovação,Total,Ensino Médio,88.6
2707701,Rio Largo,2021,indicadores_rendimento,Taxa de Reprovação,Estadual,Ensino Fundamental,3.7
2707701,Rio Largo,2021,indicadores_rendimento,Taxa de Reprovação,Estadual,Ensino Médio,8.2
2707701,Rio Largo,2021,indicadores_rendimento,Taxa de Reprovação,Municipal,Ensino Fundamental,0.0
2707701,Rio Largo,2021,indicadores_rendimento,Taxa de Reprovação,Municipal,Ensino Médio,0.0
2707701,Rio Largo,2021,indicadores_rendimento,Taxa de Reprovação,Privada,Ensino Fundamental,1.6
2707701,Rio Largo,2021,indicadores_rendimento,Taxa de Reprovação,Privada,Ensino Médio,2.1
2707701,Rio Largo,2021,indicadores_rendimento,Taxa de Reprovação,Pública,Ensino Fundamental,0.4
2707701,Rio Largo,2021,indicadores_rendimento,Taxa de Reprovação,Pública,Ensino Médio,8.2
2707701,Rio Largo,2021,indicadores_rendimento,Taxa de Reprovação,Total,Ensino Fundamental,0.5
2707701,Rio Largo,2021,indicadores_rendimento,Taxa de Reprovação,Total,Ensino Médio,7.7
2707701,Rio Largo,2022,censo_demografico,Pessoas Alfabetizadas,Não se aplica,Pessoas de 15 anos ou mais de idade,61986.0
2707701,Rio Largo,2022,censo_demografico,Pessoas Total,Não se aplica,Pessoas de 15 anos ou mais de idade,71363.0
2707701,Rio Largo,2022,censo_demografico,Taxa de Alfabetização,Não se aplica,Pessoas de 15 anos ou mais de idade,86.86013760632261
2707701,Rio Largo,2022,censo_demografico,Taxa de Analfabetismo,Não se aplica,Pessoas de 15 anos ou mais de idade,13.13986239367739
2707701,Rio Largo,2023,censo_escolar,Escolas,Estadual,Educação Infantil,0.0
2707701,Rio Largo,2023,censo_escolar,Escolas,Estadual,Educação Profissional,2.0
2707701,Rio Largo,2023,censo_escolar,Escolas,Estadual,Educação de Jovens e Adultos (EJA),4.0
2707701,Rio Largo,2023,censo_escolar,Escolas,Estadual,Ensino Fundamental,4.0
2707701,Rio Largo,2023,censo_escolar,Escolas,Estadual,Ensino Médio,9.0
2707701,Rio Largo,2023,censo_escolar,Escolas,Federal,Educação Infantil,0.0
2707701,Rio Largo,2023,censo_escolar,Escolas,Federal,Educação Profissional,1.0
2707701,Rio Largo,2023,censo_escolar,Escolas,Federal,Educação de Jovens e Adultos (EJA),0.0
2707701,Rio Largo,2023,censo_escolar,Escolas,Federal,Ensino Fundamental,0.0
2707701,Rio Largo,2023,censo_escolar,Escolas,Federal,Ensino Médio,0.0
2707701,Rio Largo,2023,censo_escolar,Escolas,Municipal,Educação Infantil,20.0
2707701,Rio Largo,2023,censo_escolar,Escolas,Municipal,Educação Profissional,0.0
2707701,Rio Largo,2023,censo_escolar,Escolas,Municipal,Educação de Jovens e Adultos (EJA),9.0
2707701,Rio Largo,2023,censo_escolar,Escolas,Municipal,Ensino Fundamental,27.0
2707701,Rio Largo,2023,censo_escolar,Escolas,Municipal,Ensino Médio,0.0
2707701,Rio Largo,2023,censo_escolar,Escolas,Privada,Educação Infantil,13.0
2707701,Rio Largo,2023,censo_escolar,Escolas,Privada,Educação Profissional,0.0
2707701,Rio Largo,2023,censo_escolar,Escolas,Privada,Educação de Jovens e Adultos (EJA),0.0
2707701,Rio Largo,2023,censo_escolar,Escolas,Privada,Ensino Fundamental,14.0
2707701,Rio Largo,2023,censo_escolar,Escolas,Privada,Ensino Médio,4.0
2707701,Rio Largo,2023,censo_escolar,Escolas,Pública,Educação Infantil,20.0
2707701,Rio Largo,2023,censo_escolar,Escolas,Pública,Educação Profissional,3.0
2707701,Rio Largo,2023,censo_escolar,Escolas,Pública,Educação de Jovens e Adultos (EJA),13.0
2707701,Rio Largo,2023,censo_escolar,Escolas,Pública,Ensino Fundamental,31.0
2707701,Rio Largo,2023,censo_escolar,Escolas,Pública,Ensino Médio,9.0
2707701,Rio Largo,2023,censo_escolar,Escolas,Total,Educação Infantil,33.0
2707701,Rio Largo,2023,censo_escolar,Escolas,Total,Educação Profissional,3.0
2707701,Rio Largo,2023,censo_escolar,Escolas,Total,Educação de Jovens e Adultos (EJA),13.0
2707701,Rio Largo,2023,censo_escolar,Escolas,Total,Ensino Fundamental,45.0
2707701,Rio Largo,2023,censo_escolar,Escolas,Total,Ensino Médio,13.0
2707701,Rio Largo,2023,censo_escolar,Matrícula,Estadual,Educação Infantil,0.0
2707701,Rio Largo,2023,censo_escolar,Matrícula,Estadual,Educação Profissional,485.0
2707701,Rio Largo,2023,censo_escolar,Matrícula,Estadual,Educação de Jovens e Adultos (EJA),1307.0
2707701,Rio Largo,2023,censo_escolar,Matrícula,Estadual,Ensino Fundamental,728.0
2707701,Rio Largo,2023,censo_escolar,Matrícula,Estadual,Ensino Médio,3696.0
2707701,Rio Largo,2023,censo_escolar,Matrícula,Federal,Educação Infantil,0.0
2707701,Rio Largo,2023,censo_escolar,Matrícula,Federal,Educação Profissional,176.0
2707701,Rio Largo,2023,censo_escolar,Matrícula,Federal,Educação de Jovens e Adultos (EJA),0.0
2707701,Rio Largo,2023,censo_escolar,Matrícula,Federal,Ensino Fundamental,0.0
2707701,Rio Largo,2023,censo_escolar,Matrícula,Federal,Ensino Médio,0.0
2707701,Rio Largo,2023,censo_escolar,Matrícula,Municipal,Educação Infantil,3606.0
2707701,Rio Largo,2023,censo_escolar,Matrícula,Municipal,Educação Profissional,0.0
2707701,Rio Largo,2023,censo_escolar,Matrícula,Municipal,Educação de Jovens e Adultos (EJA),1829.0
2707701,Rio Largo,2023,censo_escolar,Matrícula,Municipal,Ensino Fundamental,12553.0
2707701,Rio Largo,2023,censo_escolar,Matrícula,Municipal,Ensino Médio,0.0
2707701,Rio Largo,2023,censo_escolar,Matrícula,Privada,Educação Infantil,586.0
2707701,Rio Largo,2023,censo_escolar,Matrícula,Privada,Educação Profissional,0.0
2707701,Rio Largo,2023,censo_escolar,Matrícula,Privada,Educação de Jovens e Adultos (EJA),0.0
2707701,Rio Largo,2023,censo_escolar,Matrícula,Privada,Ensino Fundamental,2143.0
2707701,Rio Largo,2023,censo_escolar,Matrícula,Privada,Ensino Médio,336.0
2707701,Rio Largo,2023,censo_escolar,Matrícula,Pública,Educação Infantil,3606.0
2707701,Rio Largo,2023,censo_escolar,Matrícula,Pública,Educação Profissional,661.0
2707701,Rio Largo,2023,censo_escolar,Matrícula,Pública,Educação de Jovens e Adultos (EJA),3136.0
2707701,Rio Largo,2023,censo_escolar,Matrícula,Pública,Ensino Fundamental,13281.0
2707701,Rio Largo,2023,censo_escolar,Matrícula,Pública,Ensino Médio,3696.0
2707701,Rio Largo,2023,censo_escolar,Matrícula,Total,Educação Infantil,4192.0
2707701,Rio Largo,2023,censo_escolar,Matrícula,Total,Educação Profissional,661.0
2707701,Rio Largo,2023,censo_escolar,Matrícula,Total,Educação de Jovens e Adultos (EJA),3136.0
2707701,Rio Largo,2023,censo_escolar,Matrícula,Total,Ensino Fundamental,15424.0
2707701,Rio Largo,2023,censo_escolar,Matrícula,Total,Ensino Médio,4032.0
2707701,Rio Largo,2023,indicadores_rendimento,Taxa de Abandono,Estadual,Ensino Fundamental,0.0
2707701,Rio Largo,2023,indicadores_rendimento,Taxa de Abandono,Estadual,Ensino Médio,1.5
2707701,Rio Largo,2023,indicadores_rendimento,Taxa de Abandono,Municipal,Ensino Fundamental,0.7
2707701,Rio Largo,2023,indicadores_rendimento,Taxa de Abandono,Municipal,Ensino Médio,0.0
2707701,Rio Largo,2023,indicadores_rendimento,Taxa de Abandono,Privada,Ensino Fundamental,0.0
2707701,Rio Largo,2023,indicadores_rendimento,Taxa de Abandono,Privada,Ensino Médio,0.0
2707701,Rio Largo,2023,indicadores_rendimento,Taxa de Abandono,Pública,Ensino Fundamental,0.6
2707701,Rio Largo,2023,indicadores_rendimento,Taxa de Abandono,Pública,Ensino Médio,1.5
2707701,Rio Largo,2023,indicadores_rendimento,Taxa de Abandono,Total,Ensino Fundamental,0.5
2707701,Rio Largo,2023,indicadores_rendimento,Taxa de Abandono,Total,Ensino Médio,1.4
2707701,Rio Largo,2023,indicadores_rendimento,Taxa de Aprovação,Estadual,Ensino Fundamental,97.3
2707701,Rio Largo,2023,indicadores_rendimento,Taxa de Aprovação,Estadual,Ensino Médio,95.4
2707701,Rio Largo,2023,indicadores_rendimento,Taxa de Aprovação,Municipal,Ensino Fundamental,97.7
2707701,Rio Largo,2023,indicadores_rendimento,Taxa de Aprovação,Municipal,Ensino Médio,0.0
2707701,Rio Largo,2023,indicadores_rendimento,Taxa de Aprovação,Privada,Ensino Fundamental,98.4
2707701,Rio Largo,2023,indicadores_rendimento,Taxa de Aprovação,Privada,Ensino Médio,99.1
2707701,Rio Largo,2023,indicadores_rendimento,Taxa de Aprovação,Pública,Ensino Fundamental,97.7
2707701,Rio Largo,2023,indicadores_rendimento,Taxa de Aprovação,Pública,Ensino Médio,95.4
2707701,Rio Largo,2023,indicadores_rendimento,Taxa de Aprovação,Total,Ensino Fundamental,97.8
2707701,Rio Largo,2023,indicadores_rendimento,Taxa de Aprovação,Total,Ensino Médio,95.7
2707701,Rio Largo,2023,indicadores_rendimento,Taxa de Reprovação,Estadual,Ensino Fundamental,2.7
2707701,Rio Largo,2023,indicadores_rendimento,Taxa de Reprovação,Estadual,Ensino Médio,3.1
2707701,Rio Largo,2023,indicadores_rendimento,Taxa de Reprovação,Municipal,Ensino Fundamental,1.6
2707701,Rio Largo,2023,indicadores_rendimento,Taxa de Reprovação,Municipal,Ensino Médio,0.0
2707701,Rio Largo,2023,indicadores_rendimento,Taxa de Reprovação,Privada,Ensino Fundamental,1.6
2707701,Rio Largo,2023,indicadores_rendimento,Taxa de Reprovação,Privada,Ensino Médio,0.9
2707701,Rio Largo,2023,indicadores_rendimento,Taxa de Reprovação,Pública,Ensino Fundamental,1.7
2707701,Rio Largo,2023,indicadores_rendimento,Taxa de Reprovação,Pública,Ensino Médio,3.1
2707701,Rio Largo,2023,indicadores_rendimento,Taxa de Reprovação,Total,Ensino Fundamental,1.7
2707701,Rio Largo,2023,indicadores_rendimento,Taxa de Reprovação,Total,Ensino Médio,2.9
2709301,União dos Palmares,2010,censo_demografico,Pessoas Alfabetizadas,Não se aplica,Pessoas de 15 anos ou mais de idade,29394.0
2709301,União dos Palmares,2010,censo_demografico,Pessoas Total,Não se aplica,Pessoas de 15 anos ou mais de idade,42989.0
2709301,União dos Palmares,2010,censo_demografico,Taxa de Alfabetização,Não se aplica,Pessoas de 15 anos ou mais de idade,68.37563097536578
2709301,União dos Palmares,2010,censo_demografico,Taxa de Analfabetismo,Não se aplica,Pessoas de 15 anos ou mais de idade,31.62436902463422
2709301,União dos Palmares,2010,censo_escolar,Escolas,Estadual,Educação Infantil,0.0
2709301,União dos Palmares,2010,censo_escolar,Escolas,Estadual,Educação Profissional,1.0
2709301,União dos Palmares,2010,censo_escolar,Escolas,Estadual,Educação de Jovens e Adultos (EJA),1.0
2709301,União dos Palmares,2010,censo_escolar,Escolas,Estadual,Ensino Fundamental,5.0
2709301,União dos Palmares,2010,censo_escolar,Escolas,Estadual,Ensino Médio,3.0
2709301,União dos Palmares,2010,censo_escolar,Escolas,Municipal,Educação Infantil,19.0
2709301,União dos Palmares,2010,censo_escolar,Escolas,Municipal,Educação Profissional,0.0
2709301,União dos Palmares,2010,censo_escolar,Escolas,Municipal,Educação de Jovens e Adultos (EJA),20.0
2709301,União dos Palmares,2010,censo_escolar,Escolas,Municipal,Ensino Fundamental,24.0
2709301,União dos Palmares,2010,censo_escolar,Escolas,Municipal,Ensino Médio,0.0
2709301,União dos Palmares,2010,censo_escolar,Escolas,Privada,Educação Infantil,3.0
2709301,União dos Palmares,2010,censo_escolar,Escolas,Privada,Educação Profissional,0.0
2709301,União dos Palmares,2010,censo_escolar,Escolas,Privada,Educação de Jovens e Adultos (EJA),0.0
2709301,União dos Palmares,2010,censo_escolar,Escolas,Privada,Ensino Fundamental,3.0
2709301,União dos Palmares,2010,censo_escolar,Escolas,Privada,Ensino Médio,2.0
2709301,União dos Palmares,2010,censo_escolar,Escolas,Pública,Educação Infantil,19.0
2709301,União dos Palmares,2010,censo_escolar,Escolas,Pública,Educação Profissional,1.0
2709301,União dos Palmares,2010,censo_escolar,Escolas,Pública,Educação de Jovens e Adultos (EJA),21.0
2709301,União dos Palmares,2010,censo_escolar,Escolas,Pública,Ensino Fundamental,29.0
2709301,União dos Palmares,2010,censo_escolar,Escolas,Pública,Ensino Médio,3.0
2709301,União dos Palmares,2010,censo_escolar,Escolas,Total,Educação Infantil,22.0
2709301,União dos Palmares,2010,censo_escolar,Escolas,Total,Educação Profissional,1.0
2709301,União dos Palmares,2010,censo_escolar,Escolas,Total,Educação de Jovens e Adultos (EJA),21.0
2709301,União dos Palmares,2010,censo_escolar,Escolas,Total,Ensino Fundamental,32.0
2709301,União dos Palmares,2010,censo_escolar,Escolas,Total,Ensino Médio,5.0
2709301,União dos Palmares,2010,censo_escolar,Matrícula,Estadual,Educação Infantil,0.0
2709301,União dos Palmares,2010,censo_escolar,Matrícula,Estadual,Educação Profissional,483.0
2709301,União dos Palmares,2010,censo_escolar,Matrícula,Estadual,Educação de Jovens e Adultos (EJA),161.0
2709301,União dos Palmares,2010,censo_escolar,Matrícula,Estadual,Ensino Fundamental,2331.0
2709301,União dos Palmares,2010,censo_escolar,Matrícula,Estadual,Ensino Médio,2733.0
2709301,União dos Palmares,2010,censo_escolar,Matrícula,Municipal,Educação Infantil,1643.0
2709301,União dos Palmares,2010,censo_escolar,Matrícula,Municipal,Educação Profissional,0.0
2709301,União dos Palmares,2010,censo_escolar,Matrícula,Municipal,Educação de Jovens e Adultos (EJA),3843.0
2709301,União dos Palmares,2010,censo_escolar,Matrícula,Municipal,Ensino Fundamental,11488.0
2709301,União dos Palmares,2010,censo_escolar,Matrícula,Municipal,Ensino Médio,0.0
2709301,União dos Palmares,2010,censo_escolar,Matrícula,Privada,Educação Infantil,152.0
2709301,União dos Palmares,2010,censo_escolar,Matrícula,Privada,Educação Profissional,0.0
2709301,União dos Palmares,2010,censo_escolar,Matrícula,Privada,Educação de Jovens e Adultos (EJA),0.0
2709301,União dos Palmares,2010,censo_escolar,Matrícula,Privada,Ensino Fundamental,960.0
2709301,União dos Palmares,2010,censo_escolar,Matrícula,Privada,Ensino Médio,257.0
2709301,União dos Palmares,2010,censo_escolar,Matrícula,Pública,Educação Infantil,1643.0
2709301,União dos Palmares,2010,censo_escolar,Matrícula,Pública,Educação Profissional,483.0
2709301,União dos Palmares,2010,censo_escolar,Matrícula,Pública,Educação de Jovens e Adultos (EJA),4004.0
2709301,União dos Palmares,2010,censo_escolar,Matrícula,Pública,Ensino Fundamental,13819.0
2709301,União dos Palmares,2010,censo_escolar,Matrícula,Pública,Ensino Médio,2733.0
2709301,União dos Palmares,2010,censo_escolar,Matrícula,Total,Educação Infantil,1795.0
2709301,União dos Palmares,2010,censo_escolar,Matrícula,Total,Educação Profissional,483.0
2709301,União dos Palmares,2010,censo_escolar,Matrícula,Total,Educação de Jovens e Adultos (EJA),4004.0
2709301,União dos Palmares,2010,censo_escolar,Matrícula,Total,Ensino Fundamental,14779.0
2709301,União dos Palmares,2010,censo_escolar,Matrícula,Total,Ensino Médio,2990.0
2709301,União dos Palmares,2010,indicadores_rendimento,Taxa de Abandono,Estadual,Ensino Fundamental,0.0
2709301,União dos Palmares,2010,indicadores_rendimento,Taxa de Abandono,Estadual,Ensino Médio,30.6
2709301,União dos Palmares,2010,indicadores_rendimento,Taxa de Abandono,Municipal,Ensino Fundamental,8.6
2709301,União dos Palmares,2010,indicadores_rendimento,Taxa de Abandono,Municipal,Ensino Médio,0.0
2709301,União dos Palmares,2010,indicadores_rendimento,Taxa de Abandono,Privada,Ensino Fundamental,0.0
2709301,União dos Palmares,2010,indicadores_rendimento,Taxa de Abandono,Privada,Ensino Médio,3.6
2709301,União dos Palmares,2010,indicadores_rendimento,Taxa de Abandono,Pública,Ensino Fundamental,8.6
2709301,União dos Palmares,2010,indicadores_rendimento,Taxa de Abandono,Pública,Ensino Médio,30.6
2709301,União dos Palmares,2010,indicadores_rendimento,Taxa de Abandono,Total,Ensino Fundamental,8.1
2709301,União dos Palmares,2010,indicadores_rendimento,Taxa de Abandono,Total,Ensino Médio,28.0
2709301,União dos Palmares,2010,indicadores_rendimento,Taxa de Aprovação,Estadual,Ensino Fundamental,0.0
2709301,União dos Palmares,2010,indicadores_rendimento,Taxa de Aprovação,Estadual,Ensino Médio,65.8
2709301,União dos Palmares,2010,indicadores_rendimento,Taxa de Aprovação,Municipal,Ensino Fundamental,90.5
2709301,União dos Palmares,2010,indicadores_rendimento,Taxa de Aprovação,Municipal,Ensino Médio,0.0
2709301,União dos Palmares,2010,indicadores_rendimento,Taxa de Aprovação,Privada,Ensino Fundamental,100.0
2709301,União dos Palmares,2010,indicadores_rendimento,Taxa de Aprovação,Privada,Ensino Médio,71.4
2709301,União dos Palmares,2010,indicadores_rendimento,Taxa de Aprovação,Pública,Ensino Fundamental,90.5
2709301,União dos Palmares,2010,indicadores_rendimento,Taxa de Aprovação,Pública,Ensino Médio,65.8
2709301,União dos Palmares,2010,indicadores_rendimento,Taxa de Aprovação,Total,Ensino Fundamental,91.0
2709301,União dos Palmares,2010,indicadores_rendimento,Taxa de Aprovação,Total,Ensino Médio,66.4
2709301,União dos Palmares,2010,indicadores_rendimento,Taxa de Reprovação,Estadual,Ensino Fundamental,0.0
2709301,União dos Palmares,2010,indicadores_rendimento,Taxa de Reprovação,Estadual,Ensino Médio,3.6
2709301,União dos Palmares,2010,indicadores_rendimento,Taxa de Reprovação,Municipal,Ensino Fundamental,0.9
2709301,União dos Palmares,2010,indicadores_rendimento,Taxa de Reprovação,Municipal,Ensino Médio,0.0
2709301,União dos Palmares,2010,indicadores_rendimento,Taxa de Reprovação,Privada,Ensino Fundamental,0.0
2709301,União dos Palmares,2010,indicadores_rendimento,Taxa de Reprovação,Privada,Ensino Médio,25.0
2709301,União dos Palmares,2010,indicadores_rendimento,Taxa de Reprovação,Pública,Ensino Fundamental,0.9
2709301,União dos Palmares,2010,indicadores_rendimento,Taxa de Reprovação,Pública,Ensino Médio,3.6
2709301,União dos Palmares,2010,indicadores_rendimento,Taxa de Reprovação,Total,Ensino Fundamental,0.9
2709301,União dos Palmares,2010,indicadores_rendimento,Taxa de Reprovação,Total,Ensino Médio,5.6
2709301,União dos Palmares,2019,censo_escolar,Escolas,Estadual,Educação Infantil,0.0
2709301,União dos Palmares,2019,censo_escolar,Escolas,Estadual,Educação Profissional,2.0
2709301,União dos Palmares,2019,censo_escolar,Escolas,Estadual,Educação de Jovens e Adultos (EJA),3.0
2709301,União dos Palmares,2019,censo_escolar,Escolas,Estadual,Ensino Fundamental,2.0
2709301,União dos Palmares,2019,censo_escolar,Escolas,Estadual,Ensino Médio,3.0
2709301,União dos Palmares,2019,censo_escolar,Escolas,Municipal,Educação Infantil,19.0
2709301,União dos Palmares,2019,censo_escolar,Escolas,Municipal,Educação Profissional,0.0
2709301,União dos Palmares,2019,censo_escolar,Escolas,Municipal,Educação de Jovens e Adultos (EJA),15.0
2709301,União dos Palmares,2019,censo_escolar,Escolas,Municipal,Ensino Fundamental,20.0
2709301,União dos Palmares,2019,censo_escolar,Escolas,Municipal,Ensino Médio,0.0
2709301,União dos Palmares,2019,censo_escolar,Escolas,Privada,Educação Infantil,3.0
2709301,União dos Palmares,2019,censo_escolar,Escolas,Privada,Educação Profissional,0.0
2709301,União dos Palmares,2019,censo_escolar,Escolas,Privada,Educação de Jovens e Adultos (EJA),0.0
2709301,União dos Palmares,2019,censo_escolar,Escolas,Privada,Ensino Fundamental,4.0
2709301,União dos Palmares,2019,censo_escolar,Escolas,Privada,Ensino Médio,3.0
2709301,União dos Palmares,2019,censo_escolar,Escolas,Pública,Educação Infantil,19.0
2709301,União dos Palmares,2019,censo_escolar,Escolas,Pública,Educação Profissional,2.0
2709301,União dos Palmares,2019,censo_escolar,Escolas,Pública,Educação de Jovens e Adultos (EJA),18.0
2709301,União dos Palmares,2019,censo_escolar,Escolas,Pública,Ensino Fundamental,22.0
2709301,União dos Palmares,2019,censo_escolar,Escolas,Pública,Ensino Médio,3.0
2709301,União dos Palmares,2019,censo_escolar,Escolas,Total,Educação Infantil,22.0
2709301,União dos Palmares,2019,censo_escolar,Escolas,Total,Educação Profissional,2.0
2709301,União dos Palmares,2019,censo_escolar,Escolas,Total,Educação de Jovens e Adultos (EJA),18.0
2709301,União dos Palmares,2019,censo_escolar,Escolas,Total,Ensino Fundamental,26.0
2709301,União dos Palmares,2019,censo_escolar,Escolas,Total,Ensino Médio,6.0
2709301,União dos Palmares,2019,censo_escolar,Matrícula,Estadual,Educação Infantil,0.0
2709301,União dos Palmares,2019,censo_escolar,Matrícula,Estadual,Educação Profissional,914.0
2709301,União dos Palmares,2019,censo_escolar,Matrícula,Estadual,Educação de Jovens e Adultos (EJA),462.0
2709301,União dos Palmares,2019,censo_escolar,Matrícula,Estadual,Ensino Fundamental,822.0
2709301,União dos Palmares,2019,censo_escolar,Matrícula,Estadual,Ensino Médio,2221.0
2709301,União dos Palmares,2019,censo_escolar,Matrícula,Municipal,Educação Infantil,2688.0
2709301,União dos Palmares,2019,censo_escolar,Matrícula,Municipal,Educação Profissional,0.0
2709301,União dos Palmares,2019,censo_escolar,Matrícula,Municipal,Educação de Jovens e Adultos (EJA),1788.0
2709301,União dos Palmares,2019,censo_escolar,Matrícula,Municipal,Ensino Fundamental,7830.0
2709301,União dos Palmares,2019,censo_escolar,Matrícula,Municipal,Ensino Médio,0.0
2709301,União dos Palmares,2019,censo_escolar,Matrícula,Privada,Educação Infantil,163.0
2709301,União dos Palmares,2019,censo_escolar,Matrícula,Privada,Educação Profissional,0.0
2709301,União dos Palmares,2019,censo_escolar,Matrícula,Privada,Educação de Jovens e Adultos (EJA),0.0
2709301,União dos Palmares,2019,censo_escolar,Matrícula,Privada,Ensino Fundamental,1166.0
2709301,União dos Palmares,2019,censo_escolar,Matrícula,Privada,Ensino Médio,198.0
2709301,União dos Palmares,2019,censo_escolar,Matrícula,Pública,Educação Infantil,2688.0
2709301,União dos Palmares,2019,censo_escolar,Matrícula,Pública,Educação Profissional,914.0
2709301,União dos Palmares,2019,censo_escolar,Matrícula,Pública,Educação de Jovens e Adultos (EJA),2250.0
2709301,União dos Palmares,2019,censo_escolar,Matrícula,Pública,Ensino Fundamental,8652.0
2709301,União dos Palmares,2019,censo_escolar,Matrícula,Pública,Ensino Médio,2221.0
2709301,União dos Palmares,2019,censo_escolar,Matrícula,Total,Educação Infantil,2851.0
2709301,União dos Palmares,2019,censo_escolar,Matrícula,Total,Educação Profissional,914.0
2709301,União dos Palmares,2019,censo_escolar,Matrícula,Total,Educação de Jovens e Adultos (EJA),2250.0
2709301,União dos Palmares,2019,censo_escolar,Matrícula,Total,Ensino Fundamental,9818.0
2709301,União dos Palmares,2019,censo_escolar,Matrícula,Total,Ensino Médio,2419.0
2709301,União dos Palmares,2019,indicadores_rendimento,Taxa de Abandono,Estadual,Ensino Fundamental,0.0
2709301,União dos Palmares,2019,indicadores_rendimento,Taxa de Abandono,Estadual,Ensino Médio,8.0
2709301,União dos Palmares,2019,indicadores_rendimento,Taxa de Abandono,Municipal,Ensino Fundamental,1.5
2709301,União dos Palmares,2019,indicadores_rendimento,Taxa de Abandono,Municipal,Ensino Médio,0.0
2709301,União dos Palmares,2019,indicadores_rendimento,Taxa de Abandono,Privada,Ensino Fundamental,0.0
2709301,União dos Palmares,2019,indicadores_rendimento,Taxa de Abandono,Privada,Ensino Médio,0.0
2709301,União dos Palmares,2019,indicadores_rendimento,Taxa de Abandono,Pública,Ensino Fundamental,1.4
2709301,União dos Palmares,2019,indicadores_rendimento,Taxa de Abandono,Pública,Ensino Médio,8.0
2709301,União dos Palmares,2019,indicadores_rendimento,Taxa de Abandono,Total,Ensino Fundamental,1.3
2709301,União dos Palmares,2019,indicadores_rendimento,Taxa de Abandono,Total,Ensino Médio,7.4
2709301,União dos Palmares,2019,indicadores_rendimento,Taxa de Aprovação,Estadual,Ensino Fundamental,100.0
2709301,União dos Palmares,2019,indicadores_rendimento,Taxa de Aprovação,Estadual,Ensino Médio,89.2
2709301,União dos Palmares,2019,indicadores_rendimento,Taxa de Aprovação,Municipal,Ensino Fundamental,97.9
2709301,União dos Palmares,2019,indicadores_rendimento,Taxa de Aprovação,Municipal,Ensino Médio,0.0
2709301,União dos Palmares,2019,indicadores_rendimento,Taxa de Aprovação,Privada,Ensino Fundamental,99.6
2709301,União dos Palmares,2019,indicadores_rendimento,Taxa de Aprovação,Privada,Ensino Médio,100.0
2709301,União dos Palmares,2019,indicadores_rendimento,Taxa de Aprovação,Pública,Ensino Fundamental,98.1
2709301,União dos Palmares,2019,indicadores_rendimento,Taxa de Aprovação,Pública,Ensino Médio,89.2
2709301,União dos Palmares,2019,indicadores_rendimento,Taxa de Aprovação,Total,Ensino Fundamental,98.2
2709301,União dos Palmares,2019,indicadores_rendimento,Taxa de Aprovação,Total,Ensino Médio,90.1
2709301,União dos Palmares,2019,indicadores_rendimento,Taxa de Reprovação,Estadual,Ensino Fundamental,0.0
2709301,União dos Palmares,2019,indicadores_rendimento,Taxa de Reprovação,Estadual,Ensino Médio,2.8
2709301,União dos Palmares,2019,indicadores_rendimento,Taxa de Reprovação,Municipal,Ensino Fundamental,0.6
2709301,União dos Palmares,2019,indicadores_rendimento,Taxa de Reprovação,Municipal,Ensino Médio,0.0
2709301,União dos Palmares,2019,indicadores_rendimento,Taxa de Reprovação,Privada,Ensino Fundamental,0.4
2709301,União dos Palmares,2019,indicadores_rendimento,Taxa de Reprovação,Privada,Ensino Médio,0.0
2709301,União dos Palmares,2019,indicadores_rendimento,Taxa de Reprovação,Pública,Ensino Fundamental,0.5
2709301,União dos Palmares,2019,indicadores_rendimento,Taxa de Reprovação,Pública,Ensino Médio,2.8
2709301,União dos Palmares,2019,indicadores_rendimento,Taxa de Reprovação,Total,Ensino Fundamental,0.5
2709301,União dos Palmares,2019,indicadores_rendimento,Taxa de Reprovação,Total,Ensino Médio,2.5
2709301,União dos Palmares,2021,censo_escolar,Escolas,Estadual,Educação Infantil,0.0
2709301,União dos Palmares,2021,censo_escolar,Escolas,Estadual,Educação Profissional,3.0
2709301,União dos Palmares,2021,censo_escolar,Escolas,Estadual,Educação de Jovens e Adultos (EJA),1.0
2709301,União dos Palmares,2021,censo_escolar,Escolas,Estadual,Ensino Fundamental,2.0
2709301,União dos Palmares,2021,censo_escolar,Escolas,Estadual,Ensino Médio,3.0
2709301,União dos Palmares,2021,censo_escolar,Escolas,Municipal,Educação Infantil,19.0
2709301,União dos Palmares,2021,censo_escolar,Escolas,Municipal,Educação Profissional,0.0
2709301,União dos Palmares,2021,censo_escolar,Escolas,Municipal,Educação de Jovens e Adultos (EJA),15.0
2709301,União dos Palmares,2021,censo_escolar,Escolas,Municipal,Ensino Fundamental,20.0
2709301,União dos Palmares,2021,censo_escolar,Escolas,Municipal,Ensino Médio,0.0
2709301,União dos Palmares,2021,censo_escolar,Escolas,Privada,Educação Infantil,4.0
2709301,União dos Palmares,2021,censo_escolar,Escolas,Privada,Educação Profissional,0.0
2709301,União dos Palmares,2021,censo_escolar,Escolas,Privada,Educação de Jovens e Adultos (EJA),0.0
2709301,União dos Palmares,2021,censo_escolar,Escolas,Privada,Ensino Fundamental,5.0
2709301,União dos Palmares,2021,censo_escolar,Escolas,Privada,Ensino Médio,3.0
2709301,União dos Palmares,2021,censo_escolar,Escolas,Pública,Educação Infantil,19.0
2709301,União dos Palmares,2021,censo_escolar,Escolas,Pública,Educação Profissional,3.0
2709301,União dos Palmares,2021,censo_escolar,Escolas,Pública,Educação de Jovens e Adultos (EJA),16.0
2709301,União dos Palmares,2021,censo_escolar,Escolas,Pública,Ensino Fundamental,22.0
2709301,União dos Palmares,2021,censo_escolar,Escolas,Pública,Ensino Médio,3.0
2709301,União dos Palmares,2021,censo_escolar,Escolas,Total,Educação Infantil,23.0
2709301,União dos Palmares,2021,censo_escolar,Escolas,Total,Educação Profissional,3.0
2709301,União dos Palmares,2021,censo_escolar,Escolas,Total,Educação de Jovens e Adultos (EJA),16.0
2709301,União dos Palmares,2021,censo_escolar,Escolas,Total,Ensino Fundamental,27.0
2709301,União dos Palmares,2021,censo_escolar,Escolas,Total,Ensino Médio,6.0
2709301,União dos Palmares,2021,censo_escolar,Matrícula,Estadual,Educação Infantil,0.0
2709301,União dos Palmares,2021,censo_escolar,Matrícula,Estadual,Educação Profissional,1034.0
2709301,União dos Palmares,2021,censo_escolar,Matrícula,Estadual,Educação de Jovens e Adultos (EJA),292.0
2709301,União dos Palmares,2021,censo_escolar,Matrícula,Estadual,Ensino Fundamental,623.0
2709301,União dos Palmares,2021,censo_escolar,Matrícula,Estadual,Ensino Médio,2380.0
2709301,União dos Palmares,2021,censo_escolar,Matrícula,Municipal,Educação Infantil,2532.0
2709301,União dos Palmares,2021,censo_escolar,Matrícula,Municipal,Educação Profissional,0.0
2709301,União dos Palmares,2021,censo_escolar,Matrícula,Municipal,Educação de Jovens e Adultos (EJA),1502.0
2709301,União dos Palmares,2021,censo_escolar,Matrícula,Municipal,Ensino Fundamental,7920.0
2709301,União dos Palmares,2021,censo_escolar,Matrícula,Municipal,Ensino Médio,0.0
2709301,União dos Palmares,2021,censo_escolar,Matrícula,Privada,Educação Infantil,118.0
2709301,União dos Palmares,2021,censo_escolar,Matrícula,Privada,Educação Profissional,0.0
2709301,União dos Palmares,2021,censo_escolar,Matrícula,Privada,Educação de Jovens e Adultos (EJA),0.0
2709301,União dos Palmares,2021,censo_escolar,Matrícula,Privada,Ensino Fundamental,1080.0
2709301,União dos Palmares,2021,censo_escolar,Matrícula,Privada,Ensino Médio,190.0
2709301,União dos Palmares,2021,censo_escolar,Matrícula,Pública,Educação Infantil,2532.0
2709301,União dos Palmares,2021,censo_escolar,Matrícula,Pública,Educação Profissional,1034.0
2709301,União dos Palmares,2021,censo_escolar,Matrícula,Pública,Educação de Jovens e Adultos (EJA),1794.0
2709301,União dos Palmares,2021,censo_escolar,Matrícula,Pública,Ensino Fundamental,8543.0
2709301,União dos Palmares,2021,censo_escolar,Matrícula,Pública,Ensino Médio,2380.0
2709301,União dos Palmares,2021,censo_escolar,Matrícula,Total,Educação Infantil,2650.0
2709301,União dos Palmares,2021,censo_escolar,Matrícula,Total,Educação Profissional,1034.0
2709301,União dos Palmares,2021,censo_escolar,Matrícula,Total,Educação de Jovens e Adultos (EJA),1794.0
2709301,União dos Palmares,2021,censo_escolar,Matrícula,Total,Ensino Fundamental,9623.0
2709301,União dos Palmares,2021,censo_escolar,Matrícula,Total,Ensino Médio,2570.0
2709301,União dos Palmares,2021,indicadores_rendimento,Taxa de Abandono,Estadual,Ensino Fundamental,0.0
2709301,União dos Palmares,2021,indicadores_rendimento,Taxa de Abandono,Estadual,Ensino Médio,2.1
2709301,União dos Palmares,2021,indicadores_rendimento,Taxa de Abandono,Municipal,Ensino Fundamental,1.5
2709301,União dos Palmares,2021,indicadores_rendimento,Taxa de Abandono,Municipal,Ensino Médio,0.0
2709301,União dos Palmares,2021,indicadores_rendimento,Taxa de Abandono,Privada,Ensino Fundamental,0.0
2709301,União dos Palmares,2021,indicadores_rendimento,Taxa de Abandono,Privada,Ensino Médio,0.0
2709301,União dos Palmares,2021,indicadores_rendimento,Taxa de Abandono,Pública,Ensino Fundamental,1.4
2709301,União dos Palmares,2021,indicadores_rendimento,Taxa de Abandono,Pública,Ensino Médio,2.1
2709301,União dos Palmares,2021,indicadores_rendimento,Taxa de Abandono,Total,Ensino Fundamental,1.2
2709301,União dos Palmares,2021,indicadores_rendimento,Taxa de Abandono,Total,Ensino Médio,1.9
2709301,União dos Palmares,2021,indicadores_rendimento,Taxa de Aprovação,Estadual,Ensino Fundamental,100.0
2709301,União dos Palmares,2021,indicadores_rendimento,Taxa de Aprovação,Estadual,Ensino Médio,93.5
2709301,União dos Palmares,2021,indicadores_rendimento,Taxa de Aprovação,Municipal,Ensino Fundamental,98.5
2709301,União dos Palmares,2021,indicadores_rendimento,Taxa de Aprovação,Municipal,Ensino Médio,0.0
2709301,União dos Palmares,2021,indicadores_rendimento,Taxa de Aprovação,Privada,Ensino Fundamental,99.6
2709301,União dos Palmares,2021,indicadores_rendimento,Taxa de Aprovação,Privada,Ensino Médio,99.5
2709301,União dos Palmares,2021,indicadores_rendimento,Taxa de Aprovação,Pública,Ensino Fundamental,98.6
2709301,União dos Palmares,2021,indicadores_rendimento,Taxa de Aprovação,Pública,Ensino Médio,93.5
2709301,União dos Palmares,2021,indicadores_rendimento,Taxa de Aprovação,Total,Ensino Fundamental,98.7
2709301,União dos Palmares,2021,indicadores_rendimento,Taxa de Aprovação,Total,Ensino Médio,94.0
2709301,União dos Palmares,2021,indicadores_rendimento,Taxa de Reprovação,Estadual,Ensino Fundamental,0.0
2709301,União dos Palmares,2021,indicadores_rendimento,Taxa de Reprovação,Estadual,Ensino Médio,4.4
2709301,União dos Palmares,2021,indicadores_rendimento,Taxa de Reprovação,Municipal,Ensino Fundamental,0.0
2709301,União dos Palmares,2021,indicadores_rendimento,Taxa de Reprovação,Municipal,Ensino Médio,0.0
2709301,União dos Palmares,2021,indicadores_rendimento,Taxa de Reprovação,Privada,Ensino Fundamental,0.4
2709301,União dos Palmares,2021,indicadores_rendimento,Taxa de Reprovação,Privada,Ensino Médio,0.5
2709301,União dos Palmares,2021,indicadores_rendimento,Taxa de Reprovação,Pública,Ensino Fundamental,0.0
2709301,União dos Palmares,2021,indicadores_rendimento,Taxa de Reprovação,Pública,Ensino Médio,4.4
2709301,União dos Palmares,2021,indicadores_rendimento,Taxa de Reprovação,Total,Ensino Fundamental,0.1
2709301,União dos Palmares,2021,indicadores_rendimento,Taxa de Reprovação,Total,Ensino Médio,4.1
2709301,União dos Palmares,2022,censo_demografico,Pessoas Alfabetizadas,Não se aplica,Pessoas de 15 anos ou mais de idade,34403.0
2709301,União dos Palmares,2022,censo_demografico,Pessoas Total,Não se aplica,Pessoas de 15 anos ou mais de idade,44815.0
2709301,União dos Palmares,2022,censo_demografico,Taxa de Alfabetização,Não se aplica,Pessoas de 15 anos ou mais de idade,76.76670757558853
2709301,União dos Palmares,2022,censo_demografico,Taxa de Analfabetismo,Não se aplica,Pessoas de 15 anos ou mais de idade,23.23329242441148
2709301,União dos Palmares,2023,censo_escolar,Escolas,Estadual,Educação Infantil,0.0
2709301,União dos Palmares,2023,censo_escolar,Escolas,Estadual,Educação Profissional,3.0
2709301,União dos Palmares,2023,censo_escolar,Escolas,Estadual,Educação de Jovens e Adultos (EJA),1.0
2709301,União dos Palmares,2023,censo_escolar,Escolas,Estadual,Ensino Fundamental,2.0
2709301,União dos Palmares,2023,censo_escolar,Escolas,Estadual,Ensino Médio,4.0
2709301,União dos Palmares,2023,censo_escolar,Escolas,Municipal,Educação Infantil,22.0
2709301,União dos Palmares,2023,censo_escolar,Escolas,Municipal,Educação Profissional,0.0
2709301,União dos Palmares,2023,censo_escolar,Escolas,Municipal,Educação de Jovens e Adultos (EJA),14.0
2709301,União dos Palmares,2023,censo_escolar,Escolas,Municipal,Ensino Fundamental,20.0
2709301,União dos Palmares,2023,censo_escolar,Escolas,Municipal,Ensino Médio,0.0
2709301,União dos Palmares,2023,censo_escolar,Escolas,Privada,Educação Infantil,4.0
2709301,União dos Palmares,2023,censo_escolar,Escolas,Privada,Educação Profissional,1.0
2709301,União dos Palmares,2023,censo_escolar,Escolas,Privada,Educação de Jovens e Adultos (EJA),0.0
2709301,União dos Palmares,2023,censo_escolar,Escolas,Privada,Ensino Fundamental,5.0
2709301,União dos Palmares,2023,censo_escolar,Escolas,Privada,Ensino Médio,3.0
2709301,União dos Palmares,2023,censo_escolar,Escolas,Pública,Educação Infantil,22.0
2709301,União dos Palmares,2023,censo_escolar,Escolas,Pública,Educação Profissional,3.0
2709301,União dos Palmares,2023,censo_escolar,Escolas,Pública,Educação de Jovens e Adultos (EJA),15.0
2709301,União dos Palmares,2023,censo_escolar,Escolas,Pública,Ensino Fundamental,22.0
2709301,União dos Palmares,2023,censo_escolar,Escolas,Pública,Ensino Médio,4.0
2709301,União dos Palmares,2023,censo_escolar,Escolas,Total,Educação Infantil,26.0
2709301,União dos Palmares,2023,censo_escolar,Escolas,Total,Educação Profissional,4.0
2709301,União dos Palmares,2023,censo_escolar,Escolas,Total,Educação de Jovens e Adultos (EJA),15.0
2709301,União dos Palmares,2023,censo_escolar,Escolas,Total,Ensino Fundamental,27.0
2709301,União dos Palmares,2023,censo_escolar,Escolas,Total,Ensino Médio,7.0
2709301,União dos Palmares,2023,censo_escolar,Matrícula,Estadual,Educação Infantil,0.0
2709301,União dos Palmares,2023,censo_escolar,Matrícula,Estadual,Educação Profissional,743.0
2709301,União dos Palmares,2023,censo_escolar,Matrícula,Estadual,Educação de Jovens e Adultos (EJA),531.0
2709301,União dos Palmares,2023,censo_escolar,Matrícula,Estadual,Ensino Fundamental,447.0
2709301,União dos Palmares,2023,censo_escolar,Matrícula,Estadual,Ensino Médio,2253.0
2709301,União dos Palmares,2023,censo_escolar,Matrícula,Municipal,Educação Infantil,3267.0
2709301,União dos Palmares,2023,censo_escolar,Matrícula,Municipal,Educação Profissional,0.0
2709301,União dos Palmares,2023,censo_escolar,Matrícula,Municipal,Educação de Jovens e Adultos (EJA),1470.0
2709301,União dos Palmares,2023,censo_escolar,Matrícula,Municipal,Ensino Fundamental,7626.0
2709301,União dos Palmares,2023,censo_escolar,Matrícula,Municipal,Ensino Médio,0.0
2709301,União dos Palmares,2023,censo_escolar,Matrícula,Privada,Educação Infantil,199.0
2709301,União dos Palmares,2023,censo_escolar,Matrícula,Privada,Educação Profissional,481.0
2709301,União dos Palmares,2023,censo_escolar,Matrícula,Privada,Educação de Jovens e Adultos (EJA),0.0
2709301,União dos Palmares,2023,censo_escolar,Matrícula,Privada,Ensino Fundamental,1089.0
2709301,União dos Palmares,2023,censo_escolar,Matrícula,Privada,Ensino Médio,226.0
2709301,União dos Palmares,2023,censo_escolar,Matrícula,Pública,Educação Infantil,3267.0
2709301,União dos Palmares,2023,censo_escolar,Matrícula,Pública,Educação Profissional,743.0
2709301,União dos Palmares,2023,censo_escolar,Matrícula,Pública,Educação de Jovens e Adultos (EJA),2001.0
2709301,União dos Palmares,2023,censo_escolar,Matrícula,Pública,Ensino Fundamental,8073.0
2709301,União dos Palmares,2023,censo_escolar,Matrícula,Pública,Ensino Médio,2253.0
2709301,União dos Palmares,2023,censo_escolar,Matrícula,Total,Educação Infantil,3466.0
2709301,União dos Palmares,2023,censo_escolar,Matrícula,Total,Educação Profissional,1224.0
2709301,União dos Palmares,2023,censo_escolar,Matrícula,Total,Educação de Jovens e Adultos (EJA),2001.0
2709301,União dos Palmares,2023,censo_escolar,Matrícula,Total,Ensino Fundamental,9162.0
2709301,União dos Palmares,2023,censo_escolar,Matrícula,Total,Ensino Médio,2479.0
2709301,União dos Palmares,2023,indicadores_rendimento,Taxa de Abandono,Estadual,Ensino Fundamental,0.0
2709301,União dos Palmares,2023,indicadores_rendimento,Taxa de Abandono,Estadual,Ensino Médio,1.2
2709301,União dos Palmares,2023,indicadores_rendimento,Taxa de Abandono,Municipal,Ensino Fundamental,0.0
2709301,União dos Palmares,2023,indicadores_rendimento,Taxa de Abandono,Municipal,Ensino Médio,0.0
2709301,União dos Palmares,2023,indicadores_rendimento,Taxa de Abandono,Privada,Ensino Fundamental,0.0
2709301,União dos Palmares,2023,indicadores_rendimento,Taxa de Abandono,Privada,Ensino Médio,0.0
2709301,União dos Palmares,2023,indicadores_rendimento,Taxa de Abandono,Pública,Ensino Fundamental,0.0
2709301,União dos Palmares,2023,indicadores_rendimento,Taxa de Abandono,Pública,Ensino Médio,1.2
2709301,União dos Palmares,2023,indicadores_rendimento,Taxa de Abandono,Total,Ensino Fundamental,0.0
2709301,União dos Palmares,2023,indicadores_rendimento,Taxa de Abandono,Total,Ensino Médio,1.1
2709301,União dos Palmares,2023,indicadores_rendimento,Taxa de Aprovação,Estadual,Ensino Fundamental,100.0
2709301,União dos Palmares,2023,indicadores_rendimento,Taxa de Aprovação,Estadual,Ensino Médio,96.8
2709301,União dos Palmares,2023,indicadores_rendimento,Taxa de Aprovação,Municipal,Ensino Fundamental,100.0
2709301,União dos Palmares,2023,indicadores_rendimento,Taxa de Aprovação,Municipal,Ensino Médio,0.0
2709301,União dos Palmares,2023,indicadores_rendimento,Taxa de Aprovação,Privada,Ensino Fundamental,99.3
2709301,União dos Palmares,2023,indicadores_rendimento,Taxa de Aprovação,Privada,Ensino Médio,95.5
2709301,União dos Palmares,2023,indicadores_rendimento,Taxa de Aprovação,Pública,Ensino Fundamental,100.0
2709301,União dos Palmares,2023,indicadores_rendimento,Taxa de Aprovação,Pública,Ensino Médio,96.8
2709301,União dos Palmares,2023,indicadores_rendimento,Taxa de Aprovação,Total,Ensino Fundamental,99.9
2709301,União dos Palmares,2023,indicadores_rendimento,Taxa de Aprovação,Total,Ensino Médio,96.7
2709301,União dos Palmares,2023,indicadores_rendimento,Taxa de Reprovação,Estadual,Ensino Fundamental,0.0
2709301,União dos Palmares,2023,indicadores_rendimento,Taxa de Reprovação,Estadual,Ensino Médio,2.0
2709301,União dos Palmares,2023,indicadores_rendimento,Taxa de Reprovação,Municipal,Ensino Fundamental,0.0
2709301,União dos Palmares,2023,indicadores_rendimento,Taxa de Reprovação,Municipal,Ensino Médio,0.0
2709301,União dos Palmares,2023,indicadores_rendimento,Taxa de Reprovação,Privada,Ensino Fundamental,0.7
2709301,União dos Palmares,2023,indicadores_rendimento,Taxa de Reprovação,Privada,Ensino Médio,4.5
2709301,União dos Palmares,2023,indicadores_rendimento,Taxa de Reprovação,Pública,Ensino Fundamental,0.0
2709301,União dos Palmares,2023,indicadores_rendimento,Taxa de Reprovação,Pública,Ensino Médio,2.0
2709301,União dos Palmares,2023,indicadores_rendimento,Taxa de Reprovação,Total,Ensino Fundamental,0.1
2709301,União dos Palmares,2023,indicadores_rendimento,Taxa de Reprovação,Total,Ensino Médio,2.2
2700102,Água Branca,2010,censo_demografico,Pessoas Alfabetizadas,Não se aplica,Pessoas de 15 anos ou mais de idade,9029.0
2700102,Água Branca,2010,censo_demografico,Pessoas Total,Não se aplica,Pessoas de 15 anos ou mais de idade,13070.0
2700102,Água Branca,2010,censo_demografico,Taxa de Alfabetização,Não se aplica,Pessoas de 15 anos ou mais de idade,69.08186687069625
2700102,Água Branca,2010,censo_demografico,Taxa de Analfabetismo,Não se aplica,Pessoas de 15 anos ou mais de idade,30.918133129303754
2700102,Água Branca,2010,censo_escolar,Escolas,Estadual,Educação Infantil,0.0
2700102,Água Branca,2010,censo_escolar,Escolas,Estadual,Educação Profissional,0.0
2700102,Água Branca,2010,censo_escolar,Escolas,Estadual,Educação de Jovens e Adultos (EJA),0.0
2700102,Água Branca,2010,censo_escolar,Escolas,Estadual,Ensino Fundamental,3.0
2700102,Água Branca,2010,censo_escolar,Escolas,Estadual,Ensino Médio,1.0
2700102,Água Branca,2010,censo_escolar,Escolas,Municipal,Educação Infantil,8.0
2700102,Água Branca,2010,censo_escolar,Escolas,Municipal,Educação Profissional,0.0
2700102,Água Branca,2010,censo_escolar,Escolas,Municipal,Educação de Jovens e Adultos (EJA),3.0
2700102,Água Branca,2010,censo_escolar,Escolas,Municipal,Ensino Fundamental,8.0
2700102,Água Branca,2010,censo_escolar,Escolas,Municipal,Ensino Médio,0.0
2700102,Água Branca,2010,censo_escolar,Escolas,Pública,Educação Infantil,8.0
2700102,Água Branca,2010,censo_escolar,Escolas,Pública,Educação Profissional,0.0
2700102,Água Branca,2010,censo_escolar,Escolas,Pública,Educação de Jovens e Adultos (EJA),3.0
2700102,Água Branca,2010,censo_escolar,Escolas,Pública,Ensino Fundamental,11.0
2700102,Água Branca,2010,censo_escolar,Escolas,Pública,Ensino Médio,1.0
2700102,Água Branca,2010,censo_escolar,Escolas,Total,Educação Infantil,8.0
2700102,Água Branca,2010,censo_escolar,Escolas,Total,Educação Profissional,0.0
2700102,Água Branca,2010,censo_escolar,Escolas,Total,Educação de Jovens e Adultos (EJA),3.0
2700102,Água Branca,2010,censo_escolar,Escolas,Total,Ensino Fundamental,11.0
2700102,Água Branca,2010,censo_escolar,Escolas,Total,Ensino Médio,1.0
2700102,Água Branca,2010,censo_escolar,Matrícula,Estadual,Educação Infantil,0.0
2700102,Água Branca,2010,censo_escolar,Matrícula,Estadual,Educação Profissional,0.0
2700102,Água Branca,2010,censo_escolar,Matrícula,Estadual,Educação de Jovens e Adultos (EJA),0.0
2700102,Água Branca,2010,censo_escolar,Matrícula,Estadual,Ensino Fundamental,886.0
2700102,Água Branca,2010,censo_escolar,Matrícula,Estadual,Ensino Médio,897.0
2700102,Água Branca,2010,censo_escolar,Matrícula,Municipal,Educação Infantil,752.0
2700102,Água Branca,2010,censo_escolar,Matrícula,Municipal,Educação Profissional,0.0
2700102,Água Branca,2010,censo_escolar,Matrícula,Municipal,Educação de Jovens e Adultos (EJA),351.0
2700102,Água Branca,2010,censo_escolar,Matrícula,Municipal,Ensino Fundamental,3795.0
2700102,Água Branca,2010,censo_escolar,Matrícula,Municipal,Ensino Médio,0.0
2700102,Água Branca,2010,censo_escolar,Matrícula,Pública,Educação Infantil,752.0
2700102,Água Branca,2010,censo_escolar,Matrícula,Pública,Educação Profissional,0.0
2700102,Água Branca,2010,censo_escolar,Matrícula,Pública,Educação de Jovens e Adultos (EJA),351.0
2700102,Água Branca,2010,censo_escolar,Matrícula,Pública,Ensino Fundamental,4681.0
2700102,Água Branca,2010,censo_escolar,Matrícula,Pública,Ensino Médio,897.0
2700102,Água Branca,2010,censo_escolar,Matrícula,Total,Educação Infantil,752.0
2700102,Água Branca,2010,censo_escolar,Matrícula,Total,Educação Profissional,0.0
2700102,Água Branca,2010,censo_escolar,Matrícula,Total,Educação de Jovens e Adultos (EJA),351.0
2700102,Água Branca,2010,censo_escolar,Matrícula,Total,Ensino Fundamental,4681.0
2700102,Água Branca,2010,censo_escolar,Matrícula,Total,Ensino Médio,897.0
2700102,Água Branca,2010,indicadores_rendimento,Taxa de Abandono,Estadual,Ensino Fundamental,0.0
2700102,Água Branca,2010,indicadores_rendimento,Taxa de Abandono,Estadual,Ensino Médio,25.0
2700102,Água Branca,2010,indicadores_rendimento,Taxa de Abandono,Municipal,Ensino Fundamental,0.5
2700102,Água Branca,2010,indicadores_rendimento,Taxa de Abandono,Municipal,Ensino Médio,0.0
2700102,Água Branca,2010,indicadores_rendimento,Taxa de Abandono,Pública,Ensino Fundamental,0.5
2700102,Água Branca,2010,indicadores_rendimento,Taxa de Abandono,Pública,Ensino Médio,25.0
2700102,Água Branca,2010,indicadores_rendimento,Taxa de Abandono,Total,Ensino Fundamental,0.5
2700102,Água Branca,2010,indicadores_rendimento,Taxa de Abandono,Total,Ensino Médio,25.0
2700102,Água Branca,2010,indicadores_rendimento,Taxa de Aprovação,Estadual,Ensino Fundamental,94.1
2700102,Água Branca,2010,indicadores_rendimento,Taxa de Aprovação,Estadual,Ensino Médio,69.0
2700102,Água Branca,2010,indicadores_rendimento,Taxa de Aprovação,Municipal,Ensino Fundamental,92.8
2700102,Água Branca,2010,indicadores_rendimento,Taxa de Aprovação,Municipal,Ensino Médio,0.0
2700102,Água Branca,2010,indicadores_rendimento,Taxa de Aprovação,Pública,Ensino Fundamental,92.8
2700102,Água Branca,2010,indicadores_rendimento,Taxa de Aprovação,Pública,Ensino Médio,69.0
2700102,Água Branca,2010,indicadores_rendimento,Taxa de Aprovação,Total,Ensino Fundamental,92.8
2700102,Água Branca,2010,indicadores_rendimento,Taxa de Aprovação,Total,Ensino Médio,69.0
2700102,Água Branca,2010,indicadores_rendimento,Taxa de Reprovação,Estadual,Ensino Fundamental,5.9
2700102,Água Branca,2010,indicadores_rendimento,Taxa de Reprovação,Estadual,Ensino Médio,6.0
2700102,Água Branca,2010,indicadores_rendimento,Taxa de Reprovação,Municipal,Ensino Fundamental,6.7
2700102,Água Branca,2010,indicadores_rendimento,Taxa de Reprovação,Municipal,Ensino Médio,0.0
2700102,Água Branca,2010,indicadores_rendimento,Taxa de Reprovação,Pública,Ensino Fundamental,6.7
2700102,Água Branca,2010,indicadores_rendimento,Taxa de Reprovação,Pública,Ensino Médio,6.0
2700102,Água Branca,2010,indicadores_rendimento,Taxa de Reprovação,Total,Ensino Fundamental,6.7
2700102,Água Branca,2010,indicadores_rendimento,Taxa de Reprovação,Total,Ensino Médio,6.0
2700102,Água Branca,2019,censo_escolar,Escolas,Estadual,Educação Infantil,0.0
2700102,Água Branca,2019,censo_escolar,Escolas,Estadual,Educação Profissional,0.0
2700102,Água Branca,2019,censo_escolar,Escolas,Estadual,Educação de Jovens e Adultos (EJA),1.0
2700102,Água Branca,2019,censo_escolar,Escolas,Estadual,Ensino Fundamental,1.0
2700102,Água Branca,2019,censo_escolar,Escolas,Estadual,Ensino Médio,2.0
2700102,Água Branca,2019,censo_escolar,Escolas,Municipal,Educação Infantil,8.0
2700102,Água Branca,2019,censo_escolar,Escolas,Municipal,Educação Profissional,0.0
2700102,Água Branca,2019,censo_escolar,Escolas,Municipal,Educação de Jovens e Adultos (EJA),8.0
2700102,Água Branca,2019,censo_escolar,Escolas,Municipal,Ensino Fundamental,9.0
2700102,Água Branca,2019,censo_escolar,Escolas,Municipal,Ensino Médio,0.0
2700102,Água Branca,2019,censo_escolar,Escolas,Pública,Educação Infantil,8.0
2700102,Água Branca,2019,censo_escolar,Escolas,Pública,Educação Profissional,0.0
2700102,Água Branca,2019,censo_escolar,Escolas,Pública,Educação de Jovens e Adultos (EJA),9.0
2700102,Água Branca,2019,censo_escolar,Escolas,Pública,Ensino Fundamental,10.0
2700102,Água Branca,2019,censo_escolar,Escolas,Pública,Ensino Médio,2.0
2700102,Água Branca,2019,censo_escolar,Escolas,Total,Educação Infantil,8.0
2700102,Água Branca,2019,censo_escolar,Escolas,Total,Educação Profissional,0.0
2700102,Água Branca,2019,censo_escolar,Escolas,Total,Educação de Jovens e Adultos (EJA),9.0
2700102,Água Branca,2019,censo_escolar,Escolas,Total,Ensino Fundamental,10.0
2700102,Água Branca,2019,censo_escolar,Escolas,Total,Ensino Médio,2.0
2700102,Água Branca,2019,censo_escolar,Matrícula,Estadual,Educação Infantil,0.0
2700102,Água Branca,2019,censo_escolar,Matrícula,Estadual,Educação Profissional,0.0
2700102,Água Branca,2019,censo_escolar,Matrícula,Estadual,Educação de Jovens e Adultos (EJA),121.0
2700102,Água Branca,2019,censo_escolar,Matrícula,Estadual,Ensino Fundamental,138.0
2700102,Água Branca,2019,censo_escolar,Matrícula,Estadual,Ensino Médio,636.0
2700102,Água Branca,2019,censo_escolar,Matrícula,Municipal,Educação Infantil,714.0
2700102,Água Branca,2019,censo_escolar,Matrícula,Municipal,Educação Profissional,0.0
2700102,Água Branca,2019,censo_escolar,Matrícula,Municipal,Educação de Jovens e Adultos (EJA),898.0
2700102,Água Branca,2019,censo_escolar,Matrícula,Municipal,Ensino Fundamental,3409.0
2700102,Água Branca,2019,censo_escolar,Matrícula,Municipal,Ensino Médio,0.0
2700102,Água Branca,2019,censo_escolar,Matrícula,Pública,Educação Infantil,714.0
2700102,Água Branca,2019,censo_escolar,Matrícula,Pública,Educação Profissional,0.0
2700102,Água Branca,2019,censo_escolar,Matrícula,Pública,Educação de Jovens e Adultos (EJA),1019.0
2700102,Água Branca,2019,censo_escolar,Matrícula,Pública,Ensino Fundamental,3547.0
2700102,Água Branca,2019,censo_escolar,Matrícula,Pública,Ensino Médio,636.0
2700102,Água Branca,2019,censo_escolar,Matrícula,Total,Educação Infantil,714.0
2700102,Água Branca,2019,censo_escolar,Matrícula,Total,Educação Profissional,0.0
2700102,Água Branca,2019,censo_escolar,Matrícula,Total,Educação de Jovens e Adultos (EJA),1019.0
2700102,Água Branca,2019,censo_escolar,Matrícula,Total,Ensino Fundamental,3547.0
2700102,Água Branca,2019,censo_escolar,Matrícula,Total,Ensino Médio,636.0
2700102,Água Branca,2019,indicadores_rendimento,Taxa de Abandono,Estadual,Ensino Fundamental,0.9
2700102,Água Branca,2019,indicadores_rendimento,Taxa de Abandono,Estadual,Ensino Médio,2.8
2700102,Água Branca,2019,indicadores_rendimento,Taxa de Abandono,Municipal,Ensino Fundamental,1.8
2700102,Água Branca,2019,indicadores_rendimento,Taxa de Abandono,Municipal,Ensino Médio,0.0
2700102,Água Branca,2019,indicadores_rendimento,Taxa de Abandono,Pública,Ensino Fundamental,1.8
2700102,Água Branca,2019,indicadores_rendimento,Taxa de Abandono,Pública,Ensino Médio,2.8
2700102,Água Branca,2019,indicadores_rendimento,Taxa de Abandono,Total,Ensino Fundamental,1.8
2700102,Água Branca,2019,indicadores_rendimento,Taxa de Abandono,Total,Ensino Médio,2.8
2700102,Água Branca,2019,indicadores_rendimento,Taxa de Aprovação,Estadual,Ensino Fundamental,98.2
2700102,Água Branca,2019,indicadores_rendimento,Taxa de Aprovação,Estadual,Ensino Médio,95.6
2700102,Água Branca,2019,indicadores_rendimento,Taxa de Aprovação,Municipal,Ensino Fundamental,85.3
2700102,Água Branca,2019,indicadores_rendimento,Taxa de Aprovação,Municipal,Ensino Médio,0.0
2700102,Água Branca,2019,indicadores_rendimento,Taxa de Aprovação,Pública,Ensino Fundamental,85.7
2700102,Água Branca,2019,indicadores_rendimento,Taxa de Aprovação,Pública,Ensino Médio,95.6
2700102,Água Branca,2019,indicadores_rendimento,Taxa de Aprovação,Total,Ensino Fundamental,85.7
2700102,Água Branca,2019,indicadores_rendimento,Taxa de Aprovação,Total,Ensino Médio,95.6
2700102,Água Branca,2019,indicadores_rendimento,Taxa de Reprovação,Estadual,Ensino Fundamental,0.9
2700102,Água Branca,2019,indicadores_rendimento,Taxa de Reprovação,Estadual,Ensino Médio,1.6
2700102,Água Branca,2019,indicadores_rendimento,Taxa de Reprovação,Municipal,Ensino Fundamental,12.9
2700102,Água Branca,2019,indicadores_rendimento,Taxa de Reprovação,Municipal,Ensino Médio,0.0
2700102,Água Branca,2019,indicadores_rendimento,Taxa de Reprovação,Pública,Ensino Fundamental,12.5
2700102,Água Branca,2019,indicadores_rendimento,Taxa de Reprovação,Pública,Ensino Médio,1.6
2700102,Água Branca,2019,indicadores_rendimento,Taxa de Reprovação,Total,Ensino Fundamental,12.5
2700102,Água Branca,2019,indicadores_rendimento,Taxa de Reprovação,Total,Ensino Médio,1.6
2700102,Água Branca,2021,censo_escolar,Escolas,Estadual,Educação Infantil,0.0
2700102,Água Branca,2021,censo_escolar,Escolas,Estadual,Educação Profissional,0.0
2700102,Água Branca,2021,censo_escolar,Escolas,Estadual,Educação de Jovens e Adultos (EJA),1.0
2700102,Água Branca,2021,censo_escolar,Escolas,Estadual,Ensino Fundamental,0.0
2700102,Água Branca,2021,censo_escolar,Escolas,Estadual,Ensino Médio,2.0
2700102,Água Branca,2021,censo_escolar,Escolas,Municipal,Educação Infantil,9.0
2700102,Água Branca,2021,censo_escolar,Escolas,Municipal,Educação Profissional,0.0
2700102,Água Branca,2021,censo_escolar,Escolas,Municipal,Educação de Jovens e Adultos (EJA),8.0
2700102,Água Branca,2021,censo_escolar,Escolas,Municipal,Ensino Fundamental,9.0
2700102,Água Branca,2021,censo_escolar,Escolas,Municipal,Ensino Médio,0.0
2700102,Água Branca,2021,censo_escolar,Escolas,Pública,Educação Infantil,9.0
2700102,Água Branca,2021,censo_escolar,Escolas,Pública,Educação Profissional,0.0
2700102,Água Branca,2021,censo_escolar,Escolas,Pública,Educação de Jovens e Adultos (EJA),9.0
2700102,Água Branca,2021,censo_escolar,Escolas,Pública,Ensino Fundamental,9.0
2700102,Água Branca,2021,censo_escolar,Escolas,Pública,Ensino Médio,2.0
2700102,Água Branca,2021,censo_escolar,Escolas,Total,Educação Infantil,9.0
2700102,Água Branca,2021,censo_escolar,Escolas,Total,Educação Profissional,0.0
2700102,Água Branca,2021,censo_escolar,Escolas,Total,Educação de Jovens e Adultos (EJA),9.0
2700102,Água Branca,2021,censo_escolar,Escolas,Total,Ensino Fundamental,9.0
2700102,Água Branca,2021,censo_escolar,Escolas,Total,Ensino Médio,2.0
2700102,Água Branca,2021,censo_escolar,Matrícula,Estadual,Educação Infantil,0.0
2700102,Água Branca,2021,censo_escolar,Matrícula,Estadual,Educação Profissional,0.0
2700102,Água Branca,2021,censo_escolar,Matrícula,Estadual,Educação de Jovens e Adultos (EJA),51.0
2700102,Água Branca,2021,censo_escolar,Matrícula,Estadual,Ensino Fundamental,0.0
2700102,Água Branca,2021,censo_escolar,Matrícula,Estadual,Ensino Médio,742.0
2700102,Água Branca,2021,censo_escolar,Matrícula,Municipal,Educação Infantil,747.0
2700102,Água Branca,2021,censo_escolar,Matrícula,Municipal,Educação Profissional,0.0
2700102,Água Branca,2021,censo_escolar,Matrícula,Municipal,Educação de Jovens e Adultos (EJA),1096.0
2700102,Água Branca,2021,censo_escolar,Matrícula,Municipal,Ensino Fundamental,3342.0
2700102,Água Branca,2021,censo_escolar,Matrícula,Municipal,Ensino Médio,0.0
2700102,Água Branca,2021,censo_escolar,Matrícula,Pública,Educação Infantil,747.0
2700102,Água Branca,2021,censo_escolar,Matrícula,Pública,Educação Profissional,0.0
2700102,Água Branca,2021,censo_escolar,Matrícula,Pública,Educação de Jovens e Adultos (EJA),1147.0
2700102,Água Branca,2021,censo_escolar,Matrícula,Pública,Ensino Fundamental,3342.0
2700102,Água Branca,2021,censo_escolar,Matrícula,Pública,Ensino Médio,742.0
2700102,Água Branca,2021,censo_escolar,Matrícula,Total,Educação Infantil,747.0
2700102,Água Branca,2021,censo_escolar,Matrícula,Total,Educação Profissional,0.0
2700102,Água Branca,2021,censo_escolar,Matrícula,Total,Educação de Jovens e Adultos (EJA),1147.0
2700102,Água Branca,2021,censo_escolar,Matrícula,Total,Ensino Fundamental,3342.0
2700102,Água Branca,2021,censo_escolar,Matrícula,Total,Ensino Médio,742.0
2700102,Água Branca,2021,indicadores_rendimento,Taxa de Abandono,Estadual,Ensino Fundamental,0.0
2700102,Água Branca,2021,indicadores_rendimento,Taxa de Abandono,Estadual,Ensino Médio,3.1
2700102,Água Branca,2021,indicadores_rendimento,Taxa de Abandono,Municipal,Ensino Fundamental,2.3
2700102,Água Branca,2021,indicadores_rendimento,Taxa de Abandono,Municipal,Ensino Médio,0.0
2700102,Água Branca,2021,indicadores_rendimento,Taxa de Abandono,Pública,Ensino Fundamental,2.3
2700102,Água Branca,2021,indicadores_rendimento,Taxa de Abandono,Pública,Ensino Médio,3.1
2700102,Água Branca,2021,indicadores_rendimento,Taxa de Abandono,Total,Ensino Fundamental,2.3
2700102,Água Branca,2021,indicadores_rendimento,Taxa de Abandono,Total,Ensino Médio,3.1
2700102,Água Branca,2021,indicadores_rendimento,Taxa de Aprovação,Estadual,Ensino Fundamental,0.0
2700102,Água Branca,2021,indicadores_rendimento,Taxa de Aprovação,Estadual,Ensino Médio,96.9
2700102,Água Branca,2021,indicadores_rendimento,Taxa de Aprovação,Municipal,Ensino Fundamental,91.0
2700102,Água Branca,2021,indicadores_rendimento,Taxa de Aprovação,Municipal,Ensino Médio,0.0
2700102,Água Branca,2021,indicadores_rendimento,Taxa de Aprovação,Pública,Ensino Fundamental,91.0
2700102,Água Branca,2021,indicadores_rendimento,Taxa de Aprovação,Pública,Ensino Médio,96.9
2700102,Água Branca,2021,indicadores_rendimento,Taxa de Aprovação,Total,Ensino Fundamental,91.0
2700102,Água Branca,2021,indicadores_rendimento,Taxa de Aprovação,Total,Ensino Médio,96.9
2700102,Água Branca,2021,indicadores_rendimento,Taxa de Reprovação,Estadual,Ensino Fundamental,0.0
2700102,Água Branca,2021,indicadores_rendimento,Taxa de Reprovação,Estadual,Ensino Médio,0.0
2700102,Água Branca,2021,indicadores_rendimento,Taxa de Reprovação,Municipal,Ensino Fundamental,6.7
2700102,Água Branca,2021,indicadores_rendimento,Taxa de Reprovação,Municipal,Ensino Médio,0.0
2700102,Água Branca,2021,indicadores_rendimento,Taxa de Reprovação,Pública,Ensino Fundamental,6.7
2700102,Água Branca,2021,indicadores_rendimento,Taxa de Reprovação,Pública,Ensino Médio,0.0
2700102,Água Branca,2021,indicadores_rendimento,Taxa de Reprovação,Total,Ensino Fundamental,6.7
2700102,Água Branca,2021,indicadores_rendimento,Taxa de Reprovação,Total,Ensino Médio,0.0
2700102,Água Branca,2022,censo_demografico,Pessoas Alfabetizadas,Não se aplica,Pessoas de 15 anos ou mais de idade,11137.0
2700102,Água Branca,2022,censo_demografico,Pessoas Total,Não se aplica,Pessoas de 15 anos ou mais de idade,14443.0
2700102,Água Branca,2022,censo_demografico,Taxa de Alfabetização,Não se aplica,Pessoas de 15 anos ou mais de idade,77.11001869417711
2700102,Água Branca,2022,censo_demografico,Taxa de Analfabetismo,Não se aplica,Pessoas de 15 anos ou mais de idade,22.88998130582289
2700102,Água Branca,2023,censo_escolar,Escolas,Estadual,Educação Infantil,0.0
2700102,Água Branca,2023,censo_escolar,Escolas,Estadual,Educação Profissional,0.0
2700102,Água Branca,2023,censo_escolar,Escolas,Estadual,Educação de Jovens e Adultos (EJA),1.0
2700102,Água Branca,2023,censo_escolar,Escolas,Estadual,Ensino Fundamental,0.0
2700102,Água Branca,2023,censo_escolar,Escolas,Estadual,Ensino Médio,2.0
2700102,Água Branca,2023,censo_escolar,Escolas,Municipal,Educação Infantil,10.0
2700102,Água Branca,2023,censo_escolar,Escolas,Municipal,Educação Profissional,0.0
2700102,Água Branca,2023,censo_escolar,Escolas,Municipal,Educação de Jovens e Adultos (EJA),8.0
2700102,Água Branca,2023,censo_escolar,Escolas,Municipal,Ensino Fundamental,9.0
2700102,Água Branca,2023,censo_escolar,Escolas,Municipal,Ensino Médio,0.0
2700102,Água Branca,2023,censo_escolar,Escolas,Pública,Educação Infantil,10.0
2700102,Água Branca,2023,censo_escolar,Escolas,Pública,Educação Profissional,0.0
2700102,Água Branca,2023,censo_escolar,Escolas,Pública,Educação de Jovens e Adultos (EJA),9.0
2700102,Água Branca,2023,censo_escolar,Escolas,Pública,Ensino Fundamental,9.0
2700102,Água Branca,2023,censo_escolar,Escolas,Pública,Ensino Médio,2.0
2700102,Água Branca,2023,censo_escolar,Escolas,Total,Educação Infantil,10.0
2700102,Água Branca,2023,censo_escolar,Escolas,Total,Educação Profissional,0.0
2700102,Água Branca,2023,censo_escolar,Escolas,Total,Educação de Jovens e Adultos (EJA),9.0
2700102,Água Branca,2023,censo_escolar,Escolas,Total,Ensino Fundamental,9.0
2700102,Água Branca,2023,censo_escolar,Escolas,Total,Ensino Médio,2.0
2700102,Água Branca,2023,censo_escolar,Matrícula,Estadual,Educação Infantil,0.0
2700102,Água Branca,2023,censo_escolar,Matrícula,Estadual,Educação Profissional,0.0
2700102,Água Branca,2023,censo_escolar,Matrícula,Estadual,Educação de Jovens e Adultos (EJA),213.0
2700102,Água Branca,2023,censo_escolar,Matrícula,Estadual,Ensino Fundamental,0.0
2700102,Água Branca,2023,censo_escolar,Matrícula,Estadual,Ensino Médio,825.0
2700102,Água Branca,2023,censo_escolar,Matrícula,Municipal,Educação Infantil,1044.0
2700102,Água Branca,2023,censo_escolar,Matrícula,Municipal,Educação Profissional,0.0
2700102,Água Branca,2023,censo_escolar,Matrícula,Municipal,Educação de Jovens e Adultos (EJA),1150.0
2700102,Água Branca,2023,censo_escolar,Matrícula,Municipal,Ensino Fundamental,3073.0
2700102,Água Branca,2023,censo_escolar,Matrícula,Municipal,Ensino Médio,0.0
2700102,Água Branca,2023,censo_escolar,Matrícula,Pública,Educação Infantil,1044.0
2700102,Água Branca,2023,censo_escolar,Matrícula,Pública,Educação Profissional,0.0
2700102,Água Branca,2023,censo_escolar,Matrícula,Pública,Educação de Jovens e Adultos (EJA),1363.0
2700102,Água Branca,2023,censo_escolar,Matrícula,Pública,Ensino Fundamental,3073.0
2700102,Água Branca,2023,censo_escolar,Matrícula,Pública,Ensino Médio,825.0
2700102,Água Branca,2023,censo_escolar,Matrícula,Total,Educação Infantil,1044.0
2700102,Água Branca,2023,censo_escolar,Matrícula,Total,Educação Profissional,0.0
2700102,Água Branca,2023,censo_escolar,Matrícula,Total,Educação de Jovens e Adultos (EJA),1363.0
2700102,Água Branca,2023,censo_escolar,Matrícula,Total,Ensino Fundamental,3073.0
2700102,Água Branca,2023,censo_escolar,Matrícula,Total,Ensino Médio,825.0
2700102,Água Branca,2023,indicadores_rendimento,Taxa de Abandono,Estadual,Ensino Fundamental,0.0
2700102,Água Branca,2023,indicadores_rendimento,Taxa de Abandono,Estadual,Ensino Médio,1.9
2700102,Água Branca,2023,indicadores_rendimento,Taxa de Abandono,Municipal,Ensino Fundamental,0.4
2700102,Água Branca,2023,indicadores_rendimento,Taxa de Abandono,Municipal,Ensino Médio,0.0
2700102,Água Branca,2023,indicadores_rendimento,Taxa de Abandono,Pública,Ensino Fundamental,0.4
2700102,Água Branca,2023,indicadores_rendimento,Taxa de Abandono,Pública,Ensino Médio,1.9
2700102,Água Branca,2023,indicadores_rendimento,Taxa de Abandono,Total,Ensino Fundamental,0.4
2700102,Água Branca,2023,indicadores_rendimento,Taxa de Abandono,Total,Ensino Médio,1.9
2700102,Água Branca,2023,indicadores_rendimento,Taxa de Aprovação,Estadual,Ensino Fundamental,0.0
2700102,Água Branca,2023,indicadores_rendimento,Taxa de Aprovação,Estadual,Ensino Médio,97.5
2700102,Água Branca,2023,indicadores_rendimento,Taxa de Aprovação,Municipal,Ensino Fundamental,94.5
2700102,Água Branca,2023,indicadores_rendimento,Taxa de Aprovação,Municipal,Ensino Médio,0.0
2700102,Água Branca,2023,indicadores_rendimento,Taxa de Aprovação,Pública,Ensino Fundamental,94.5
2700102,Água Branca,2023,indicadores_rendimento,Taxa de Aprovação,Pública,Ensino Médio,97.5
2700102,Água Branca,2023,indicadores_rendimento,Taxa de Aprovação,Total,Ensino Fundamental,94.5
2700102,Água Branca,2023,indicadores_rendimento,Taxa de Aprovação,Total,Ensino Médio,97.5
2700102,Água Branca,2023,indicadores_rendimento,Taxa de Reprovação,Estadual,Ensino Fundamental,0.0
2700102,Água Branca,2023,indicadores_rendimento,Taxa de Reprovação,Estadual,Ensino Médio,0.6
2700102,Água Branca,2023,indicadores_rendimento,Taxa de Reprovação,Municipal,Ensino Fundamental,5.1
2700102,Água Branca,2023,indicadores_rendimento,Taxa de Reprovação,Municipal,Ensino Médio,0.0
2700102,Água Branca,2023,indicadores_rendimento,Taxa de Reprovação,Pública,Ensino Fundamental,5.1
2700102,Água Branca,2023,indicadores_rendimento,Taxa de Reprovação,Pública,Ensino Médio,0.6
2700102,Água Branca,2023,indicadores_rendimento,Taxa de Reprovação,Total,Ensino Fundamental,5.1
2700102,Água Branca,2023,indicadores_rendimento,Taxa de Reprovação,Total,Ensino Médio,0.6
